Crawler,"Crawling date",position
BE_ATH,"26-02-2022 00:15:38",6
BE_ATH,"26-02-2022 12:15:31",4
BE_ATH,"27-02-2022 00:15:36",2
BE_ATH,"27-02-2022 12:15:54",3
BE_ATH,"28-02-2022 00:15:49",2
BE_ATH,"28-02-2022 12:15:49",2
BE_ATH,"01-03-2022 00:15:36",4
BE_ATH,"01-03-2022 12:15:45",3
BE_ATH,"02-03-2022 00:16:09",5
BE_ATH,"02-03-2022 12:15:54",5
BE_ATH,"03-03-2022 00:15:51",6
BE_ATH,"03-03-2022 12:16:24",5
BE_ATH,"04-03-2022 00:14:50",4
BE_ATH,"04-03-2022 12:16:32",4
BE_ATH,"05-03-2022 00:16:12",4
BE_ATH,"05-03-2022 12:16:55",3
BE_ATH,"06-03-2022 00:15:38",4
BE_ATH,"06-03-2022 12:16:05",1
BE_ATH,"07-03-2022 00:15:57",1
BE_ATH,"07-03-2022 12:16:30",1
BE_ATH,"08-03-2022 00:16:00",3
BE_ATH,"08-03-2022 12:15:50",3
BE_ATH,"09-03-2022 00:17:34",2
BE_ATH,"09-03-2022 12:19:12",3
BE_ATH,"10-03-2022 00:18:35",3
BE_ATH,"10-03-2022 12:18:34",1
BE_ATH,"11-03-2022 00:19:54",1
BE_ATH,"13-03-2022 12:20:46",1
BE_ATH,"14-03-2022 00:17:37",1
BE_ATH,"15-03-2022 00:17:17",1
BE_ATH,"15-03-2022 12:16:57",2
BE_ATH,"16-03-2022 00:17:31",1
BE_ATH,"16-03-2022 12:16:51",2
BE_ATH,"17-03-2022 00:18:05",1
BE_ATH,"17-03-2022 12:18:36",1
BE_ATH,"18-03-2022 00:17:51",1
BE_ATH,"18-03-2022 12:17:49",2
BE_ATH,"19-03-2022 00:18:04",1
BE_ATH,"19-03-2022 12:18:23",1
BE_ATH,"20-03-2022 00:18:11",1
BE_ATH,"22-03-2022 08:02:09",1
BE_ATH,"22-03-2022 12:18:32",1
BE_ATH,"23-03-2022 00:18:13",1
BE_ATH,"23-03-2022 12:17:44",1
BE_ATH,"24-03-2022 00:18:08",1
BE_ATH,"24-03-2022 12:18:11",1
BE_ATH,"25-03-2022 00:19:07",1
BE_ATH,"25-03-2022 12:18:39",1
BE_ATH,"26-03-2022 00:19:06",1
BE_ATH,"26-03-2022 12:19:01",1
BE_ATH,"27-03-2022 00:18:50",1
BE_ATH,"27-03-2022 13:18:46",1
BE_ATH,"28-03-2022 01:21:23",1
BE_ATH,"28-03-2022 13:19:44",1
BE_ATH,"29-03-2022 01:19:14",1
BE_ATH,"29-03-2022 13:20:37",1
BE_ATH,"30-03-2022 01:26:51",1
BE_ATH,"30-03-2022 13:24:02",1
BE_ATH,"31-03-2022 01:26:07",1
BE_ATH,"31-03-2022 13:28:18",1
BE_ATH,"01-04-2022 01:25:36",1
BE_ATH,"01-04-2022 13:33:08",1
BE_EAST_FLANDERS,"01-04-2022 17:53:19",1
BE_ATH,"02-04-2022 01:30:16",1
BE_ATH,"02-04-2022 13:27:12",1
BE_ATH,"03-04-2022 08:29:32",1
BE_EAST_FLANDERS,"03-04-2022 08:39:49",1
BE_LIEGE,"03-04-2022 08:42:15",1
BE_LIEGE,"03-04-2022 13:19:19",1
BE_EAST_FLANDERS,"03-04-2022 13:20:05",1
BE_ATH,"03-04-2022 13:25:43",1
BE_LIEGE,"04-04-2022 01:19:14",1
BE_EAST_FLANDERS,"04-04-2022 01:19:55",1
BE_ATH,"04-04-2022 01:27:47",1
BE_LIEGE,"04-04-2022 13:19:10",1
BE_EAST_FLANDERS,"04-04-2022 13:20:09",1
BE_ATH,"04-04-2022 13:23:32",1
BE_WEST_FLANDERS,"04-04-2022 23:19:31",1
BE_LIEGE,"05-04-2022 01:19:14",1
BE_EAST_FLANDERS,"05-04-2022 01:20:08",1
BE_ATH,"05-04-2022 01:21:03",1
BE_LIEGE,"05-04-2022 13:19:10",1
BE_WEST_FLANDERS,"05-04-2022 13:19:47",1
BE_EAST_FLANDERS,"05-04-2022 13:20:05",1
BE_ATH,"05-04-2022 13:21:43",1
BE_LIEGE,"06-04-2022 01:19:29",1
BE_WEST_FLANDERS,"06-04-2022 01:19:38",1
BE_EAST_FLANDERS,"06-04-2022 01:20:12",1
BE_ATH,"06-04-2022 01:24:25",1
BE_LIEGE,"06-04-2022 13:19:18",1
BE_WEST_FLANDERS,"06-04-2022 13:19:41",1
BE_LIMBURG,"06-04-2022 13:19:56",1
BE_EAST_FLANDERS,"06-04-2022 13:20:06",1
BE_ATH,"06-04-2022 13:24:09",1
BE_LIEGE,"07-04-2022 01:19:21",1
BE_WEST_FLANDERS,"07-04-2022 01:19:30",1
BE_LIMBURG,"07-04-2022 01:19:42",1
BE_EAST_FLANDERS,"07-04-2022 01:20:13",1
BE_ATH,"07-04-2022 01:24:19",1
BE_ANTWERP,"07-04-2022 13:19:24",1
BE_WEST_FLANDERS,"07-04-2022 13:20:13",1
BE_LIEGE,"07-04-2022 13:20:19",1
BE_EAST_FLANDERS,"07-04-2022 13:20:38",1
BE_LIMBURG,"07-04-2022 13:20:38",1
BE_ATH,"07-04-2022 13:25:18",1
BE_ANTWERP,"08-04-2022 01:19:18",1
BE_LIEGE,"08-04-2022 01:19:55",1
BE_WEST_FLANDERS,"08-04-2022 01:20:19",1
BE_LIMBURG,"08-04-2022 01:20:27",1
BE_EAST_FLANDERS,"08-04-2022 01:20:43",1
BE_ATH,"08-04-2022 01:24:27",1
BE_ANTWERP,"08-04-2022 13:19:00",1
BE_WEST_FLANDERS,"08-04-2022 13:19:53",1
BE_LIEGE,"08-04-2022 13:20:08",1
BE_LIMBURG,"08-04-2022 13:20:41",1
BE_EAST_FLANDERS,"08-04-2022 13:20:47",1
BE_ATH,"08-04-2022 13:24:00",1
BE_LIEGE,"09-04-2022 01:19:56",1
BE_WEST_FLANDERS,"09-04-2022 01:20:13",1
BE_LIMBURG,"09-04-2022 01:20:39",1
BE_EAST_FLANDERS,"09-04-2022 01:20:46",1
BE_ATH,"09-04-2022 01:22:19",1
BE_ANTWERP,"09-04-2022 13:19:14",1
BE_LIEGE,"09-04-2022 13:19:57",1
BE_EAST_FLANDERS,"09-04-2022 13:20:40",1
BE_LIMBURG,"09-04-2022 13:20:39",1
BE_ATH,"09-04-2022 13:22:24",1
BE_LIEGE,"10-04-2022 01:19:53",1
BE_WEST_FLANDERS,"10-04-2022 01:20:35",1
BE_EAST_FLANDERS,"10-04-2022 01:20:33",1
BE_LIMBURG,"10-04-2022 01:20:40",1
BE_ATH,"10-04-2022 01:22:27",1
BE_ANTWERP,"10-04-2022 13:19:10",1
BE_LIEGE,"10-04-2022 13:20:11",1
BE_WEST_FLANDERS,"10-04-2022 13:20:29",1
BE_LIMBURG,"10-04-2022 13:20:37",1
BE_EAST_FLANDERS,"10-04-2022 13:20:52",1
BE_ATH,"10-04-2022 13:22:40",1
BE_ANTWERP,"11-04-2022 01:19:13",1
BE_LIEGE,"11-04-2022 01:20:01",1
BE_LIMBURG,"11-04-2022 01:20:29",1
BE_EAST_FLANDERS,"11-04-2022 01:20:39",1
BE_WEST_FLANDERS,"11-04-2022 01:20:41",1
BE_ATH,"11-04-2022 01:24:58",1
BE_LIMBURG,"11-04-2022 13:20:34",1
BE_WEST_FLANDERS,"11-04-2022 13:20:38",1
BE_LIEGE,"11-04-2022 13:20:41",1
BE_EAST_FLANDERS,"11-04-2022 13:21:08",1
BE_ATH,"11-04-2022 13:22:40",1
BE_LIEGE,"12-04-2022 01:19:31",1
BE_EAST_FLANDERS,"12-04-2022 01:20:32",1
BE_LIMBURG,"12-04-2022 01:20:42",1
BE_WEST_FLANDERS,"12-04-2022 01:20:48",1
BE_ATH,"12-04-2022 01:22:00",1
BE_LIEGE,"12-04-2022 13:21:16",1
BE_EAST_FLANDERS,"12-04-2022 13:21:40",1
BE_LIMBURG,"12-04-2022 13:21:43",1
BE_WEST_FLANDERS,"12-04-2022 13:21:50",1
BE_ATH,"12-04-2022 13:23:49",1
BE_LIEGE,"13-04-2022 01:21:03",1
BE_EAST_FLANDERS,"13-04-2022 01:21:31",1
BE_WEST_FLANDERS,"13-04-2022 01:21:36",1
BE_LIMBURG,"13-04-2022 01:21:47",1
BE_ATH,"13-04-2022 01:24:23",1
BE_LIEGE,"13-04-2022 13:21:08",1
BE_LIMBURG,"13-04-2022 13:21:49",1
BE_EAST_FLANDERS,"13-04-2022 13:21:49",1
BE_WEST_FLANDERS,"13-04-2022 13:22:05",1
BE_ATH,"13-04-2022 13:25:19",1
BE_ANTWERP,"14-04-2022 01:20:10",1
BE_LIEGE,"14-04-2022 01:20:52",1
BE_LIMBURG,"14-04-2022 01:21:31",1
BE_EAST_FLANDERS,"14-04-2022 01:21:36",1
BE_WEST_FLANDERS,"14-04-2022 01:22:38",1
BE_ATH,"14-04-2022 01:23:47",1
BE_ANTWERP,"14-04-2022 13:20:13",1
BE_LIEGE,"14-04-2022 13:21:04",1
BE_WEST_FLANDERS,"14-04-2022 13:21:40",1
BE_LIMBURG,"14-04-2022 13:21:42",1
BE_EAST_FLANDERS,"14-04-2022 13:21:44",1
BE_ATH,"14-04-2022 13:24:18",1
BE_ANTWERP,"15-04-2022 01:20:10",1
BE_LIEGE,"15-04-2022 01:21:00",1
BE_WEST_FLANDERS,"15-04-2022 01:21:26",1
BE_LIMBURG,"15-04-2022 01:21:32",1
BE_EAST_FLANDERS,"15-04-2022 01:21:37",1
BE_ATH,"15-04-2022 01:23:52",1
BE_ANTWERP,"15-04-2022 13:20:14",1
BE_WEST_FLANDERS,"15-04-2022 13:20:37",1
BE_LIEGE,"15-04-2022 13:20:51",1
BE_LIMBURG,"15-04-2022 13:21:39",1
BE_EAST_FLANDERS,"15-04-2022 13:21:48",1
BE_ATH,"15-04-2022 13:24:37",1
BE_ANTWERP,"16-04-2022 01:20:03",1
BE_LIEGE,"16-04-2022 01:21:05",1
BE_LIMBURG,"16-04-2022 01:21:31",1
BE_EAST_FLANDERS,"16-04-2022 01:21:37",1
BE_WEST_FLANDERS,"16-04-2022 01:21:52",1
BE_ANTWERP,"16-04-2022 13:20:17",1
BE_LIEGE,"16-04-2022 13:21:02",1
BE_EAST_FLANDERS,"16-04-2022 13:21:46",1
BE_WEST_FLANDERS,"16-04-2022 13:21:55",1
BE_LIMBURG,"16-04-2022 13:21:51",1
BE_ATH,"16-04-2022 13:24:46",1
BE_ANTWERP,"17-04-2022 01:20:17",1
BE_LIEGE,"17-04-2022 01:21:04",1
BE_EAST_FLANDERS,"17-04-2022 01:21:41",1
BE_WEST_FLANDERS,"17-04-2022 01:21:40",1
BE_LIMBURG,"17-04-2022 01:22:29",1
BE_ATH,"17-04-2022 01:23:31",1
BE_LIEGE,"17-04-2022 13:20:56",1
BE_EAST_FLANDERS,"17-04-2022 13:21:54",1
BE_WEST_FLANDERS,"17-04-2022 13:22:10",1
BE_LIMBURG,"17-04-2022 13:22:35",1
BE_ATH,"17-04-2022 13:24:09",1
BE_ANTWERP,"18-04-2022 01:20:16",1
BE_LIEGE,"18-04-2022 01:20:50",1
BE_WEST_FLANDERS,"18-04-2022 01:21:24",1
BE_EAST_FLANDERS,"18-04-2022 01:21:46",1
BE_LIMBURG,"18-04-2022 01:22:13",1
BE_ATH,"18-04-2022 01:24:00",1
BE_ANTWERP,"18-04-2022 13:20:11",1
BE_LIEGE,"18-04-2022 13:20:48",1
BE_WEST_FLANDERS,"18-04-2022 13:21:37",1
BE_EAST_FLANDERS,"18-04-2022 13:21:57",1
BE_LIMBURG,"18-04-2022 13:22:35",1
BE_ANTWERP,"19-04-2022 01:20:25",1
BE_LIEGE,"19-04-2022 01:21:01",1
BE_WEST_FLANDERS,"19-04-2022 01:21:42",1
BE_EAST_FLANDERS,"19-04-2022 01:21:59",1
BE_ATH,"19-04-2022 01:22:11",1
BE_LIMBURG,"19-04-2022 01:22:26",1
BE_ANTWERP,"19-04-2022 13:20:26",1
BE_LIEGE,"19-04-2022 13:21:04",1
BE_ATH,"19-04-2022 13:21:29",1
BE_WEST_FLANDERS,"19-04-2022 13:22:06",1
BE_EAST_FLANDERS,"19-04-2022 13:22:11",1
BE_LIMBURG,"19-04-2022 13:22:43",1
BE_ANTWERP,"20-04-2022 01:20:21",1
BE_LIEGE,"20-04-2022 01:20:58",1
BE_WEST_FLANDERS,"20-04-2022 01:21:58",1
BE_EAST_FLANDERS,"20-04-2022 01:22:03",1
BE_ATH,"20-04-2022 01:22:31",1
BE_LIMBURG,"20-04-2022 01:22:34",1
BE_ANTWERP,"20-04-2022 13:20:16",1
BE_BRUSSELS,"20-04-2022 13:20:39",1
BE_LIEGE,"20-04-2022 13:20:57",1
BE_ATH,"20-04-2022 13:21:35",1
BE_WEST_FLANDERS,"20-04-2022 13:21:58",1
BE_EAST_FLANDERS,"20-04-2022 13:22:17",1
BE_LIMBURG,"20-04-2022 13:22:35",1
BE_ANTWERP,"21-04-2022 01:20:21",1
BE_BRUSSELS,"21-04-2022 01:20:39",1
BE_LIEGE,"21-04-2022 01:20:58",1
BE_ATH,"21-04-2022 01:21:54",1
BE_EAST_FLANDERS,"21-04-2022 01:22:12",1
BE_LIMBURG,"21-04-2022 01:22:48",1
BE_WEST_FLANDERS,"21-04-2022 01:23:31",1
BE_ANTWERP,"21-04-2022 13:20:30",1
BE_ATH,"21-04-2022 13:20:44",1
BE_BRUSSELS,"21-04-2022 13:20:43",1
BE_LIEGE,"21-04-2022 13:21:09",1
BE_WEST_FLANDERS,"21-04-2022 13:21:49",1
BE_EAST_FLANDERS,"21-04-2022 13:22:13",1
BE_LIMBURG,"21-04-2022 13:22:43",1
BE_ANTWERP,"22-04-2022 01:20:27",1
BE_BRUSSELS,"22-04-2022 01:20:58",1
BE_LIEGE,"22-04-2022 01:21:11",1
BE_WEST_FLANDERS,"22-04-2022 01:22:06",1
BE_EAST_FLANDERS,"22-04-2022 01:22:19",1
BE_LIMBURG,"22-04-2022 01:22:49",1
BE_ATH,"22-04-2022 01:24:39",1
BE_ANTWERP,"22-04-2022 13:20:37",1
BE_BRUSSELS,"22-04-2022 13:20:56",1
BE_LIEGE,"22-04-2022 13:21:18",1
BE_ATH,"22-04-2022 13:21:53",1
BE_EAST_FLANDERS,"22-04-2022 13:22:10",1
BE_WEST_FLANDERS,"22-04-2022 13:22:30",1
BE_LIMBURG,"22-04-2022 13:23:00",1
BE_ANTWERP,"23-04-2022 01:20:29",1
BE_BRUSSELS,"23-04-2022 01:20:43",1
BE_LIEGE,"23-04-2022 01:21:09",1
BE_WEST_FLANDERS,"23-04-2022 01:22:09",1
BE_EAST_FLANDERS,"23-04-2022 01:22:25",1
BE_ATH,"23-04-2022 01:22:36",1
BE_LIMBURG,"23-04-2022 01:23:24",1
BE_ANTWERP,"23-04-2022 13:20:33",1
BE_BRUSSELS,"23-04-2022 13:20:42",1
BE_LIEGE,"23-04-2022 13:21:20",1
BE_ATH,"23-04-2022 13:21:27",1
BE_WEST_FLANDERS,"23-04-2022 13:22:01",1
BE_EAST_FLANDERS,"23-04-2022 13:22:45",1
BE_LIMBURG,"23-04-2022 13:23:23",1
BE_ANTWERP,"24-04-2022 01:19:29",1
BE_BRUSSELS,"24-04-2022 01:21:00",1
BE_LIEGE,"24-04-2022 01:21:07",1
BE_WEST_FLANDERS,"24-04-2022 01:22:15",1
BE_EAST_FLANDERS,"24-04-2022 01:22:11",1
BE_ATH,"24-04-2022 01:22:27",1
BE_LIMBURG,"24-04-2022 01:23:17",1
BE_ANTWERP,"24-04-2022 13:20:41",1
BE_BRUSSELS,"24-04-2022 13:21:03",1
BE_LIEGE,"24-04-2022 13:21:44",1
BE_ATH,"24-04-2022 13:21:47",1
BE_EAST_FLANDERS,"24-04-2022 13:22:13",1
BE_WEST_FLANDERS,"24-04-2022 13:22:31",1
BE_LIMBURG,"24-04-2022 13:23:40",1
BE_ANTWERP,"25-04-2022 01:20:43",1
BE_BRUSSELS,"25-04-2022 01:20:57",1
BE_LIEGE,"25-04-2022 01:21:27",1
BE_WEST_FLANDERS,"25-04-2022 01:22:11",1
BE_EAST_FLANDERS,"25-04-2022 01:22:20",1
BE_ATH,"25-04-2022 01:22:36",1
BE_LIMBURG,"25-04-2022 01:23:41",1
BE_ANTWERP,"25-04-2022 13:20:43",1
BE_BRUSSELS,"25-04-2022 13:20:57",1
BE_LIEGE,"25-04-2022 13:21:22",1
BE_WEST_FLANDERS,"25-04-2022 13:21:55",1
BE_ATH,"25-04-2022 13:22:12",1
BE_EAST_FLANDERS,"25-04-2022 13:22:32",1
BE_LIMBURG,"25-04-2022 13:23:39",1
BE_ATH,"26-04-2022 01:20:22",1
BE_ANTWERP,"26-04-2022 01:20:25",1
BE_LIEGE,"26-04-2022 01:21:09",1
BE_WEST_FLANDERS,"26-04-2022 01:21:43",1
BE_EAST_FLANDERS,"26-04-2022 01:22:07",1
BE_LIMBURG,"26-04-2022 01:23:26",1
BE_ANTWERP,"26-04-2022 13:20:36",1
BE_BRUSSELS,"26-04-2022 13:20:50",1
BE_LIEGE,"26-04-2022 13:21:28",1
BE_WEST_FLANDERS,"26-04-2022 13:21:45",1
BE_ATH,"26-04-2022 13:21:46",1
BE_EAST_FLANDERS,"26-04-2022 13:22:37",1
BE_LIMBURG,"26-04-2022 13:23:37",1
BE_ANTWERP,"27-04-2022 01:20:47",1
BE_BRUSSELS,"27-04-2022 01:20:51",1
BE_LIEGE,"27-04-2022 01:21:17",1
BE_WEST_FLANDERS,"27-04-2022 01:21:49",1
BE_ATH,"27-04-2022 01:22:18",1
BE_EAST_FLANDERS,"27-04-2022 01:22:37",1
BE_LIMBURG,"27-04-2022 01:23:46",1
BE_ANTWERP,"27-04-2022 13:20:42",1
BE_BRUSSELS,"27-04-2022 13:20:49",1
BE_WEST_FLANDERS,"27-04-2022 13:21:32",1
BE_ATH,"27-04-2022 13:21:52",1
BE_LIEGE,"27-04-2022 13:22:07",1
BE_EAST_FLANDERS,"27-04-2022 13:22:14",1
BE_LIMBURG,"27-04-2022 13:22:47",1
BE_BRUSSELS,"28-04-2022 01:20:45",1
BE_ANTWERP,"28-04-2022 01:20:49",1
BE_WEST_FLANDERS,"28-04-2022 01:21:10",1
BE_LIEGE,"28-04-2022 01:21:43",1
BE_EAST_FLANDERS,"28-04-2022 01:21:57",1
BE_ATH,"28-04-2022 01:21:53",1
BE_LIMBURG,"28-04-2022 01:22:41",1
BE_ANTWERP,"28-04-2022 13:20:35",1
BE_BRUSSELS,"28-04-2022 13:20:56",1
BE_WEST_FLANDERS,"28-04-2022 13:21:52",1
BE_LIEGE,"28-04-2022 13:21:53",1
BE_ATH,"28-04-2022 13:22:01",1
BE_EAST_FLANDERS,"28-04-2022 13:22:43",1
BE_LIMBURG,"28-04-2022 13:23:26",1
BE_BRUSSELS,"29-04-2022 01:20:12",1
BE_ANTWERP,"29-04-2022 01:20:42",1
BE_LIEGE,"29-04-2022 01:21:42",1
BE_WEST_FLANDERS,"29-04-2022 01:21:46",1
BE_ATH,"29-04-2022 01:21:54",1
BE_EAST_FLANDERS,"29-04-2022 01:22:32",1
BE_LIMBURG,"29-04-2022 01:23:37",1
BE_BRUSSELS,"29-04-2022 13:19:55",1
BE_ANTWERP,"29-04-2022 13:20:45",1
BE_WEST_FLANDERS,"29-04-2022 13:20:54",1
BE_LIEGE,"29-04-2022 13:21:22",1
BE_ATH,"29-04-2022 13:21:55",1
BE_LIMBURG,"29-04-2022 13:23:59",1
BE_EAST_FLANDERS,"29-04-2022 13:26:07",1
BE_BRUSSELS,"30-04-2022 01:20:16",1
BE_ANTWERP,"30-04-2022 01:20:46",1
BE_LIEGE,"30-04-2022 01:21:51",1
BE_ATH,"30-04-2022 01:22:01",1
BE_LIMBURG,"30-04-2022 01:22:12",1
BE_WEST_FLANDERS,"30-04-2022 01:22:21",1
BE_EAST_FLANDERS,"30-04-2022 01:23:09",1
BE_ANTWERP,"30-04-2022 13:20:38",1
BE_BRUSSELS,"30-04-2022 13:20:54",1
BE_LIEGE,"30-04-2022 13:21:29",1
BE_ATH,"30-04-2022 13:21:38",1
BE_WEST_FLANDERS,"30-04-2022 13:21:53",1
BE_EAST_FLANDERS,"30-04-2022 13:23:23",1
BE_LIMBURG,"30-04-2022 13:24:05",1
BE_ANTWERP,"01-05-2022 01:20:48",1
BE_BRUSSELS,"01-05-2022 01:20:52",1
BE_ATH,"01-05-2022 01:21:40",1
BE_WEST_FLANDERS,"01-05-2022 01:22:16",1
BE_LIEGE,"01-05-2022 01:22:53",1
BE_EAST_FLANDERS,"01-05-2022 01:23:35",1
BE_LIMBURG,"01-05-2022 01:24:22",1
BE_ANTWERP,"01-05-2022 13:20:45",1
BE_BRUSSELS,"01-05-2022 13:21:02",1
BE_ATH,"01-05-2022 13:21:47",1
BE_WEST_FLANDERS,"01-05-2022 13:21:54",1
BE_LIEGE,"01-05-2022 13:22:54",1
BE_EAST_FLANDERS,"01-05-2022 13:23:36",1
BE_LIMBURG,"01-05-2022 13:33:00",1
BE_EAST_FLANDERS,"02-05-2022 01:22:11",1
BE_BRUSSELS,"02-05-2022 01:23:19",1
BE_WEST_FLANDERS,"02-05-2022 01:24:10",1
BE_ATH,"02-05-2022 01:24:52",1
BE_LIEGE,"02-05-2022 01:26:38",1
BE_LIMBURG,"02-05-2022 01:40:55",1
BE_ANTWERP,"02-05-2022 13:22:04",1
BE_EAST_FLANDERS,"02-05-2022 13:24:01",1
BE_WEST_FLANDERS,"02-05-2022 13:24:37",1
BE_BRUSSELS,"02-05-2022 13:28:56",1
BE_ATH,"02-05-2022 13:31:40",1
BE_LIEGE,"02-05-2022 13:35:37",1
BE_LIMBURG,"02-05-2022 13:55:50",1
BE_ANTWERP,"03-05-2022 01:22:21",1
BE_BRUSSELS,"03-05-2022 01:23:51",1
BE_EAST_FLANDERS,"03-05-2022 01:24:02",1
BE_WEST_FLANDERS,"03-05-2022 01:30:14",1
BE_LIEGE,"03-05-2022 01:35:08",1
BE_LIMBURG,"03-05-2022 02:07:26",1
BE_ANTWERP,"03-05-2022 13:19:43",1
BE_ATH,"03-05-2022 13:20:47",1
BE_WEST_FLANDERS,"03-05-2022 13:21:02",1
BE_LIEGE,"03-05-2022 13:22:08",1
BE_BRUSSELS,"03-05-2022 13:23:29",1
BE_EAST_FLANDERS,"03-05-2022 13:23:36",1
BE_LIMBURG,"03-05-2022 13:33:35",1
BE_ANTWERP,"04-05-2022 01:19:48",1
BE_LIEGE,"04-05-2022 01:20:59",1
BE_WEST_FLANDERS,"04-05-2022 01:21:20",1
BE_ATH,"04-05-2022 01:22:56",1
BE_EAST_FLANDERS,"04-05-2022 01:22:59",1
BE_BRUSSELS,"04-05-2022 01:24:23",1
BE_LIMBURG,"04-05-2022 01:33:12",1
BE_ANTWERP,"04-05-2022 13:19:39",1
BE_WEST_FLANDERS,"04-05-2022 13:21:09",1
BE_LIEGE,"04-05-2022 13:21:51",1
BE_EAST_FLANDERS,"04-05-2022 13:23:01",1
BE_BRUSSELS,"04-05-2022 13:23:18",1
BE_ATH,"04-05-2022 13:26:35",1
BE_LIMBURG,"04-05-2022 13:34:08",1
BE_ANTWERP,"05-05-2022 01:20:38",1
BE_LIEGE,"05-05-2022 01:22:13",1
BE_BRUSSELS,"05-05-2022 01:23:25",1
BE_EAST_FLANDERS,"05-05-2022 01:23:35",1
BE_ATH,"05-05-2022 01:25:56",1
BE_WEST_FLANDERS,"05-05-2022 01:28:33",1
BE_LIMBURG,"05-05-2022 01:32:30",1
BE_ANTWERP,"05-05-2022 13:22:12",1
BE_LIEGE,"05-05-2022 13:22:46",1
BE_EAST_FLANDERS,"05-05-2022 13:23:43",1
BE_WEST_FLANDERS,"05-05-2022 13:29:41",1
BE_BRUSSELS,"05-05-2022 13:30:19",1
BE_ATH,"05-05-2022 13:33:18",1
BE_LIMBURG,"05-05-2022 13:43:15",1
BE_EAST_FLANDERS,"06-05-2022 01:23:40",1
BE_LIEGE,"06-05-2022 01:27:28",1
BE_ANTWERP,"06-05-2022 01:27:51",1
BE_WEST_FLANDERS,"06-05-2022 01:30:00",1
BE_BRUSSELS,"06-05-2022 01:39:22",1
BE_ATH,"06-05-2022 01:42:54",1
BE_LIMBURG,"06-05-2022 01:56:33",1
BE_EAST_FLANDERS,"06-05-2022 13:26:16",1
BE_ANTWERP,"06-05-2022 13:37:25",1
BE_LIEGE,"06-05-2022 13:37:28",1
BE_WEST_FLANDERS,"06-05-2022 13:40:58",1
BE_BRUSSELS,"06-05-2022 13:50:37",1
BE_ATH,"06-05-2022 13:53:00",1
BE_LIMBURG,"06-05-2022 13:58:31",1
BE_EAST_FLANDERS,"07-05-2022 01:27:34",1
BE_ANTWERP,"07-05-2022 01:43:28",1
BE_LIEGE,"07-05-2022 01:43:42",1
BE_WEST_FLANDERS,"07-05-2022 01:49:11",1
BE_ATH,"07-05-2022 01:53:27",1
BE_BRUSSELS,"07-05-2022 01:56:54",1
BE_LIMBURG,"07-05-2022 02:07:51",1
BE_EAST_FLANDERS,"07-05-2022 13:26:48",1
BE_ANTWERP,"07-05-2022 13:47:41",1
BE_LIEGE,"07-05-2022 13:48:22",1
BE_WEST_FLANDERS,"07-05-2022 13:50:30",1
BE_BRUSSELS,"07-05-2022 13:53:25",1
BE_ATH,"07-05-2022 13:55:23",1
BE_LIMBURG,"07-05-2022 14:08:12",1
BE_EAST_FLANDERS,"08-05-2022 01:33:29",1
BE_LIEGE,"08-05-2022 01:47:01",1
BE_BRUSSELS,"08-05-2022 01:47:10",1
BE_WEST_FLANDERS,"08-05-2022 01:49:30",1
BE_ANTWERP,"08-05-2022 01:51:43",1
BE_ATH,"08-05-2022 01:59:45",1
BE_LIMBURG,"08-05-2022 02:17:32",1
BE_EAST_FLANDERS,"08-05-2022 13:33:48",1
BE_BRUSSELS,"08-05-2022 13:49:45",1
BE_ANTWERP,"08-05-2022 13:50:22",1
BE_WEST_FLANDERS,"08-05-2022 13:50:22",1
BE_LIEGE,"08-05-2022 13:54:27",1
BE_ATH,"08-05-2022 13:55:06",1
BE_LIMBURG,"08-05-2022 14:08:56",1
BE_EAST_FLANDERS,"09-05-2022 01:40:14",1
BE_WEST_FLANDERS,"09-05-2022 01:49:32",1
BE_BRUSSELS,"09-05-2022 01:49:58",1
BE_ANTWERP,"09-05-2022 01:51:24",1
BE_LIEGE,"09-05-2022 01:56:13",1
BE_ATH,"09-05-2022 01:59:29",1
BE_LIMBURG,"09-05-2022 02:08:45",1
BE_EAST_FLANDERS,"09-05-2022 13:43:31",1
BE_BRUSSELS,"09-05-2022 13:49:42",1
BE_WEST_FLANDERS,"09-05-2022 13:51:14",1
BE_ANTWERP,"09-05-2022 13:55:04",1
BE_ATH,"09-05-2022 13:58:17",1
BE_LIEGE,"09-05-2022 13:58:59",1
BE_LIMBURG,"09-05-2022 14:16:57",1
BE_EAST_FLANDERS,"10-05-2022 01:46:38",1
BE_BRUSSELS,"10-05-2022 01:51:24",1
BE_ANTWERP,"10-05-2022 01:55:05",1
BE_WEST_FLANDERS,"10-05-2022 01:56:28",1
BE_LIEGE,"10-05-2022 01:56:46",1
BE_ATH,"10-05-2022 02:02:13",1
BE_LIMBURG,"10-05-2022 02:13:15",1
BE_ATH,"10-05-2022 13:20:46",1
BE_ANTWERP,"10-05-2022 13:24:00",1
BE_EAST_FLANDERS,"10-05-2022 13:44:58",1
BE_LIEGE,"10-05-2022 13:50:55",1
BE_BRUSSELS,"10-05-2022 13:54:06",1
BE_WEST_FLANDERS,"10-05-2022 13:59:29",1
BE_LIMBURG,"10-05-2022 14:09:30",1
BE_ATH,"11-05-2022 01:20:56",1
BE_ANTWERP,"11-05-2022 01:23:23",1
BE_EAST_FLANDERS,"11-05-2022 01:49:56",1
BE_WEST_FLANDERS,"11-05-2022 01:54:45",1
BE_BRUSSELS,"11-05-2022 01:56:03",1
BE_LIEGE,"11-05-2022 01:57:23",1
BE_LIMBURG,"11-05-2022 02:18:53",1
BE_ANTWERP,"11-05-2022 13:23:25",1
BE_BRUSSELS,"11-05-2022 13:56:42",1
BE_WEST_FLANDERS,"11-05-2022 13:57:27",1
BE_LIEGE,"11-05-2022 13:57:41",1
BE_LIMBURG,"11-05-2022 14:15:25",1
BE_ATH,"12-05-2022 01:22:34",1
BE_ANTWERP,"12-05-2022 01:23:54",1
BE_LIEGE,"12-05-2022 01:50:01",1
BE_EAST_FLANDERS,"12-05-2022 01:50:03",1
BE_WEST_FLANDERS,"12-05-2022 02:00:35",1
BE_BRUSSELS,"12-05-2022 02:01:55",1
BE_LIMBURG,"12-05-2022 02:15:10",1
BE_ATH,"12-05-2022 13:21:49",1
BE_ANTWERP,"12-05-2022 13:23:34",1
BE_EAST_FLANDERS,"12-05-2022 13:49:47",1
BE_BRUSSELS,"12-05-2022 13:58:33",1
BE_LIEGE,"12-05-2022 13:58:35",1
BE_WEST_FLANDERS,"12-05-2022 14:00:00",1
BE_LIMBURG,"12-05-2022 14:10:50",1
BE_ATH,"13-05-2022 01:22:23",1
BE_ANTWERP,"13-05-2022 01:30:48",1
BE_EAST_FLANDERS,"13-05-2022 01:51:36",1
BE_LIEGE,"13-05-2022 01:51:44",1
BE_BRUSSELS,"13-05-2022 01:57:08",1
BE_WEST_FLANDERS,"13-05-2022 02:02:45",1
BE_LIMBURG,"13-05-2022 02:17:27",1
BE_ATH,"13-05-2022 13:21:54",1
BE_ANTWERP,"13-05-2022 13:40:12",1
BE_EAST_FLANDERS,"13-05-2022 13:51:35",1
BE_BRUSSELS,"13-05-2022 13:57:07",1
BE_LIEGE,"13-05-2022 13:59:16",1
BE_WEST_FLANDERS,"13-05-2022 14:00:26",1
BE_LIMBURG,"13-05-2022 14:16:23",1
BE_ATH,"14-05-2022 01:22:15",1
BE_ANTWERP,"14-05-2022 01:49:21",1
BE_BRUSSELS,"14-05-2022 01:56:28",1
BE_EAST_FLANDERS,"14-05-2022 01:57:44",1
BE_WEST_FLANDERS,"14-05-2022 01:58:31",1
BE_LIEGE,"14-05-2022 01:59:05",1
BE_LIMBURG,"14-05-2022 02:20:12",1
BE_ATH,"14-05-2022 13:22:23",1
BE_ANTWERP,"14-05-2022 13:46:31",1
BE_EAST_FLANDERS,"14-05-2022 13:52:08",1
BE_BRUSSELS,"14-05-2022 13:57:54",1
BE_WEST_FLANDERS,"14-05-2022 14:01:42",1
BE_LIEGE,"14-05-2022 14:02:44",1
BE_ATH,"15-05-2022 01:22:10",1
BE_ANTWERP,"15-05-2022 01:50:00",1
BE_EAST_FLANDERS,"15-05-2022 01:50:13",1
BE_LIEGE,"15-05-2022 01:58:13",1
BE_BRUSSELS,"15-05-2022 01:59:01",1
BE_WEST_FLANDERS,"15-05-2022 02:01:32",1
BE_ATH,"15-05-2022 13:22:27",1
BE_EAST_FLANDERS,"15-05-2022 13:47:56",1
BE_BRUSSELS,"15-05-2022 13:57:11",1
BE_ANTWERP,"15-05-2022 13:57:12",1
BE_LIEGE,"15-05-2022 14:00:01",1
BE_WEST_FLANDERS,"15-05-2022 14:01:00",1
BE_ATH,"16-05-2022 01:22:33",1
BE_EAST_FLANDERS,"16-05-2022 01:50:22",1
BE_ANTWERP,"16-05-2022 01:55:51",1
BE_BRUSSELS,"16-05-2022 01:57:51",1
BE_LIEGE,"16-05-2022 01:59:14",1
BE_WEST_FLANDERS,"16-05-2022 02:06:53",1
BE_ATH,"16-05-2022 13:23:26",1
BE_LIEGE,"16-05-2022 13:58:25",1
BE_BRUSSELS,"16-05-2022 14:00:08",1
BE_ANTWERP,"16-05-2022 14:00:29",1
BE_WEST_FLANDERS,"16-05-2022 14:06:16",1
BE_ATH,"17-05-2022 01:29:43",1
BE_LIEGE,"17-05-2022 01:53:07",1
BE_ANTWERP,"17-05-2022 01:55:17",1
BE_BRUSSELS,"17-05-2022 02:00:20",1
BE_WEST_FLANDERS,"17-05-2022 02:06:35",1
BE_ATH,"17-05-2022 13:37:33",1
BE_ANTWERP,"17-05-2022 13:56:56",1
BE_BRUSSELS,"17-05-2022 13:58:24",1
BE_LIEGE,"17-05-2022 14:00:41",1
BE_WEST_FLANDERS,"17-05-2022 14:11:21",1
BE_ATH,"18-05-2022 01:50:44",1
BE_BRUSSELS,"18-05-2022 01:58:53",1
BE_ANTWERP,"18-05-2022 02:01:53",1
BE_LIEGE,"18-05-2022 02:06:00",1
BE_WEST_FLANDERS,"18-05-2022 02:10:14",1
BE_ATH,"18-05-2022 13:56:26",1
BE_BRUSSELS,"18-05-2022 13:59:32",1
BE_ANTWERP,"18-05-2022 14:03:32",1
BE_LIEGE,"18-05-2022 14:05:44",1
BE_WEST_FLANDERS,"18-05-2022 14:09:59",1
BE_BRUSSELS,"19-05-2022 02:03:00",1
BE_ANTWERP,"19-05-2022 02:03:29",1
BE_LIEGE,"19-05-2022 02:03:44",1
BE_ATH,"19-05-2022 02:04:26",1
BE_WEST_FLANDERS,"19-05-2022 02:09:42",1
BE_ANTWERP,"19-05-2022 13:57:19",1
BE_WEST_FLANDERS,"19-05-2022 14:03:03",1
BE_ATH,"19-05-2022 14:04:33",1
BE_BRUSSELS,"19-05-2022 14:05:51",1
BE_LIEGE,"19-05-2022 14:08:42",1
BE_ANTWERP,"20-05-2022 02:00:43",1
BE_BRUSSELS,"20-05-2022 02:01:42",1
BE_ATH,"20-05-2022 02:04:25",1
BE_WEST_FLANDERS,"20-05-2022 02:05:16",1
BE_LIEGE,"20-05-2022 02:07:07",1
BE_BRUSSELS,"20-05-2022 13:20:39",1
BE_LIEGE,"20-05-2022 13:20:53",1
BE_ATH,"20-05-2022 13:21:07",1
BE_WEST_FLANDERS,"20-05-2022 13:21:31",1
BE_ANTWERP,"20-05-2022 13:21:43",1
BE_EAST_FLANDERS,"20-05-2022 13:22:56",1
BE_EAST_FLANDERS,"21-05-2022 01:25:08",1
BE_WEST_FLANDERS,"21-05-2022 01:26:26",1
BE_LIEGE,"21-05-2022 01:27:05",1
BE_ANTWERP,"21-05-2022 01:27:02",1
BE_ATH,"21-05-2022 01:28:17",1
BE_LIMBURG,"21-05-2022 01:28:34",1
BE_BRUSSELS,"21-05-2022 01:28:46",1
BE_LIEGE,"21-05-2022 13:25:57",1
BE_EAST_FLANDERS,"21-05-2022 13:29:48",1
BE_ATH,"21-05-2022 13:33:05",1
BE_WEST_FLANDERS,"21-05-2022 13:33:05",1
BE_ANTWERP,"21-05-2022 13:33:18",1
BE_BRUSSELS,"21-05-2022 13:33:48",1
BE_LIMBURG,"21-05-2022 13:39:36",1
BE_LIEGE,"22-05-2022 01:29:29",1
BE_EAST_FLANDERS,"22-05-2022 01:40:12",1
BE_WEST_FLANDERS,"22-05-2022 01:41:33",1
BE_ANTWERP,"22-05-2022 01:41:37",1
BE_LIMBURG,"22-05-2022 01:45:59",1
BE_ATH,"22-05-2022 01:48:06",1
BE_BRUSSELS,"22-05-2022 01:48:52",1
BE_LIEGE,"22-05-2022 13:37:57",1
BE_EAST_FLANDERS,"22-05-2022 13:48:24",1
BE_ANTWERP,"22-05-2022 13:51:24",1
BE_WEST_FLANDERS,"22-05-2022 13:56:32",1
BE_ATH,"22-05-2022 13:59:05",1
BE_LIMBURG,"22-05-2022 13:59:11",1
BE_BRUSSELS,"22-05-2022 13:59:47",1
BE_ANTWERP,"23-05-2022 01:21:08",1
BE_LIEGE,"23-05-2022 01:46:42",1
BE_EAST_FLANDERS,"23-05-2022 01:48:58",1
BE_WEST_FLANDERS,"23-05-2022 02:00:52",1
BE_LIMBURG,"23-05-2022 02:00:58",1
BE_BRUSSELS,"23-05-2022 02:02:42",1
BE_ATH,"23-05-2022 02:04:41",1
BE_ANTWERP,"23-05-2022 13:22:18",1
BE_LIEGE,"23-05-2022 13:50:48",1
BE_EAST_FLANDERS,"23-05-2022 13:50:57",1
BE_WEST_FLANDERS,"23-05-2022 14:04:18",1
BE_LIMBURG,"23-05-2022 14:06:11",1
BE_ATH,"23-05-2022 14:09:13",1
BE_BRUSSELS,"23-05-2022 14:10:11",1
BE_ANTWERP,"24-05-2022 01:26:44",1
BE_LIEGE,"24-05-2022 01:50:39",1
BE_EAST_FLANDERS,"24-05-2022 01:59:08",1
BE_ATH,"24-05-2022 02:09:44",1
BE_WEST_FLANDERS,"24-05-2022 02:10:23",1
BE_LIMBURG,"24-05-2022 02:18:11",1
BE_BRUSSELS,"24-05-2022 02:19:39",1
BE_ANTWERP,"24-05-2022 13:26:19",1
BE_LIEGE,"24-05-2022 13:49:50",1
BE_EAST_FLANDERS,"24-05-2022 13:58:26",1
BE_LIMBURG,"24-05-2022 14:14:38",1
BE_WEST_FLANDERS,"24-05-2022 14:15:16",1
BE_ATH,"24-05-2022 14:16:10",1
BE_BRUSSELS,"24-05-2022 14:23:06",1
BE_EAST_FLANDERS,"25-05-2022 01:22:41",1
BE_ANTWERP,"25-05-2022 01:26:20",1
BE_LIEGE,"25-05-2022 01:49:30",1
BE_ATH,"25-05-2022 02:14:39",1
BE_LIMBURG,"25-05-2022 02:17:55",1
BE_WEST_FLANDERS,"25-05-2022 02:18:46",1
BE_BRUSSELS,"25-05-2022 02:26:16",1
BE_EAST_FLANDERS,"25-05-2022 13:23:05",1
BE_ANTWERP,"25-05-2022 13:26:05",1
BE_ATH,"25-05-2022 14:14:23",1
BE_LIMBURG,"25-05-2022 14:23:21",1
BE_WEST_FLANDERS,"25-05-2022 14:25:04",1
BE_BRUSSELS,"25-05-2022 14:26:25",1
BE_EAST_FLANDERS,"26-05-2022 01:21:57",1
BE_ANTWERP,"26-05-2022 01:27:08",1
BE_ATH,"26-05-2022 01:35:32",1
BE_WEST_FLANDERS,"26-05-2022 02:15:36",1
BE_LIMBURG,"26-05-2022 02:20:47",1
BE_BRUSSELS,"26-05-2022 02:21:32",1
BE_EAST_FLANDERS,"26-05-2022 13:22:21",1
BE_ANTWERP,"26-05-2022 13:27:42",1
BE_ATH,"26-05-2022 13:33:54",1
BE_WEST_FLANDERS,"26-05-2022 14:19:13",1
BE_LIMBURG,"26-05-2022 14:21:00",1
BE_BRUSSELS,"26-05-2022 14:22:09",1
BE_EAST_FLANDERS,"27-05-2022 01:22:22",1
BE_LIEGE,"27-05-2022 01:22:48",1
BE_ANTWERP,"27-05-2022 01:28:13",1
BE_ATH,"27-05-2022 01:35:59",1
BE_WEST_FLANDERS,"27-05-2022 02:19:48",1
BE_BRUSSELS,"27-05-2022 02:22:21",1
BE_LIMBURG,"27-05-2022 02:23:00",1
BE_ANTWERP,"27-05-2022 13:21:53",1
BE_BRUSSELS,"27-05-2022 13:23:01",1
BE_ATH,"27-05-2022 13:23:03",1
BE_LIMBURG,"27-05-2022 13:23:33",1
BE_LIEGE,"27-05-2022 13:23:52",1
BE_EAST_FLANDERS,"27-05-2022 13:24:03",1
BE_WEST_FLANDERS,"27-05-2022 13:25:16",1
BE_ANTWERP,"28-05-2022 01:21:52",1
BE_BRUSSELS,"28-05-2022 01:22:51",1
BE_ATH,"28-05-2022 01:23:00",1
BE_LIEGE,"28-05-2022 01:23:21",1
BE_LIMBURG,"28-05-2022 01:23:22",1
BE_EAST_FLANDERS,"28-05-2022 01:23:27",1
BE_WEST_FLANDERS,"28-05-2022 01:24:44",1
BE_ANTWERP,"28-05-2022 13:21:56",1
BE_BRUSSELS,"28-05-2022 13:22:35",1
BE_LIEGE,"28-05-2022 13:23:12",1
BE_ATH,"28-05-2022 13:23:14",1
BE_LIMBURG,"28-05-2022 13:23:36",1
BE_EAST_FLANDERS,"28-05-2022 13:23:38",1
BE_WEST_FLANDERS,"28-05-2022 13:24:08",1
BE_ANTWERP,"29-05-2022 01:21:48",1
BE_BRUSSELS,"29-05-2022 01:22:25",1
BE_EAST_FLANDERS,"29-05-2022 01:23:16",1
BE_LIMBURG,"29-05-2022 01:23:22",1
BE_LIEGE,"29-05-2022 01:23:25",1
BE_ATH,"29-05-2022 01:23:33",1
BE_WEST_FLANDERS,"29-05-2022 01:25:09",1
BE_ANTWERP,"29-05-2022 13:21:48",1
BE_EAST_FLANDERS,"29-05-2022 13:23:13",1
BE_BRUSSELS,"29-05-2022 13:23:22",1
BE_LIMBURG,"29-05-2022 13:23:27",1
BE_ATH,"29-05-2022 13:23:33",1
BE_LIEGE,"29-05-2022 13:24:12",1
BE_WEST_FLANDERS,"29-05-2022 13:25:32",1
BE_ANTWERP,"30-05-2022 01:21:47",1
BE_LIEGE,"30-05-2022 01:22:09",1
BE_ATH,"30-05-2022 01:22:49",1
BE_EAST_FLANDERS,"30-05-2022 01:23:04",1
BE_LIMBURG,"30-05-2022 01:23:11",1
BE_BRUSSELS,"30-05-2022 01:23:24",1
BE_WEST_FLANDERS,"30-05-2022 01:24:16",1
BE_ANTWERP,"30-05-2022 13:21:46",1
BE_LIEGE,"30-05-2022 13:22:13",1
BE_ATH,"30-05-2022 13:23:03",1
BE_EAST_FLANDERS,"30-05-2022 13:23:18",1
BE_LIMBURG,"30-05-2022 13:23:21",1
BE_BRUSSELS,"30-05-2022 13:24:51",1
BE_WEST_FLANDERS,"30-05-2022 13:26:00",1
BE_ANTWERP,"31-05-2022 01:22:17",1
BE_LIEGE,"31-05-2022 01:22:25",1
BE_EAST_FLANDERS,"31-05-2022 01:23:11",1
BE_LIMBURG,"31-05-2022 01:23:20",1
BE_ATH,"31-05-2022 01:23:24",1
BE_BRUSSELS,"31-05-2022 01:23:19",1
BE_WEST_FLANDERS,"31-05-2022 01:24:25",1
BE_ANTWERP,"31-05-2022 13:21:47",1
BE_LIEGE,"31-05-2022 13:22:19",1
BE_BRUSSELS,"31-05-2022 13:22:53",1
BE_LIMBURG,"31-05-2022 13:23:22",1
BE_ATH,"31-05-2022 13:23:36",1
BE_EAST_FLANDERS,"31-05-2022 13:23:58",1
BE_WEST_FLANDERS,"31-05-2022 13:25:16",1
BE_ANTWERP,"01-06-2022 01:21:41",1
BE_LIEGE,"01-06-2022 01:22:16",1
BE_EAST_FLANDERS,"01-06-2022 01:22:39",1
BE_ATH,"01-06-2022 01:23:35",1
BE_BRUSSELS,"01-06-2022 01:23:45",1
BE_LIMBURG,"01-06-2022 01:23:46",1
BE_WEST_FLANDERS,"01-06-2022 01:24:41",1
BE_ANTWERP,"01-06-2022 13:21:49",1
BE_LIEGE,"01-06-2022 13:22:13",1
BE_BRUSSELS,"01-06-2022 13:22:41",1
BE_EAST_FLANDERS,"01-06-2022 13:23:22",1
BE_ATH,"01-06-2022 13:23:37",1
BE_LIMBURG,"01-06-2022 13:23:43",1
BE_WEST_FLANDERS,"01-06-2022 13:25:02",1
BE_ANTWERP,"02-06-2022 01:21:52",1
BE_LIEGE,"02-06-2022 01:22:15",1
BE_BRUSSELS,"02-06-2022 01:22:29",1
BE_ATH,"02-06-2022 01:23:13",1
BE_EAST_FLANDERS,"02-06-2022 01:23:15",1
BE_LIMBURG,"02-06-2022 01:23:24",1
BE_WEST_FLANDERS,"02-06-2022 01:24:11",1
BE_ANTWERP,"02-06-2022 13:21:49",1
BE_LIEGE,"02-06-2022 13:22:19",1
BE_BRUSSELS,"02-06-2022 13:22:54",1
BE_EAST_FLANDERS,"02-06-2022 13:23:12",1
BE_ATH,"02-06-2022 13:23:32",1
BE_LIMBURG,"02-06-2022 13:23:40",1
BE_WEST_FLANDERS,"02-06-2022 13:25:20",1
BE_ANTWERP,"03-06-2022 01:21:50",1
BE_LIEGE,"03-06-2022 01:22:22",2
BE_BRUSSELS,"03-06-2022 01:22:16",1
BE_EAST_FLANDERS,"03-06-2022 01:23:34",2
BE_LIMBURG,"03-06-2022 01:24:01",1
BE_ANTWERP,"03-06-2022 13:17:39",1
BE_LIEGE,"03-06-2022 13:18:02",1
BE_ATH,"03-06-2022 13:18:45",1
BE_EAST_FLANDERS,"03-06-2022 13:18:54",1
BE_WEST_FLANDERS,"03-06-2022 13:20:40",1
BE_BRUSSELS,"04-06-2022 01:16:58",1
BE_LIEGE,"04-06-2022 01:17:23",1
BE_ANTWERP,"04-06-2022 01:17:42",1
BE_ATH,"04-06-2022 01:18:44",1
BE_LIMBURG,"04-06-2022 01:18:54",1
BE_EAST_FLANDERS,"04-06-2022 01:18:55",1
BE_WEST_FLANDERS,"04-06-2022 01:19:28",1
BE_LIEGE,"04-06-2022 13:17:13",1
BE_BRUSSELS,"04-06-2022 13:17:22",1
BE_ANTWERP,"04-06-2022 13:17:37",1
BE_EAST_FLANDERS,"04-06-2022 13:18:56",1
BE_LIMBURG,"05-06-2022 01:18:47",1
BE_EAST_FLANDERS,"05-06-2022 01:18:48",1
BE_ATH,"05-06-2022 01:18:54",1
BE_WEST_FLANDERS,"05-06-2022 01:19:27",1
BE_LIEGE,"05-06-2022 13:17:16",1
BE_ANTWERP,"05-06-2022 13:17:36",1
BE_BRUSSELS,"05-06-2022 13:17:40",1
BE_EAST_FLANDERS,"05-06-2022 13:18:42",1
BE_LIMBURG,"05-06-2022 13:18:56",1
BE_ATH,"05-06-2022 13:18:52",1
BE_WEST_FLANDERS,"05-06-2022 13:19:17",1
BE_LIEGE,"06-06-2022 01:17:08",1
BE_BRUSSELS,"06-06-2022 01:17:09",1
BE_ANTWERP,"06-06-2022 01:17:41",1
BE_ATH,"06-06-2022 01:18:30",1
BE_EAST_FLANDERS,"06-06-2022 01:18:57",1
BE_LIMBURG,"06-06-2022 01:19:05",1
BE_WEST_FLANDERS,"06-06-2022 01:19:44",1
BE_ANTWERP,"06-06-2022 13:16:48",1
BE_BRUSSELS,"06-06-2022 13:16:59",1
BE_LIEGE,"06-06-2022 13:17:14",1
BE_ATH,"06-06-2022 13:17:42",1
BE_WEST_FLANDERS,"06-06-2022 13:17:56",1
BE_LIMBURG,"06-06-2022 13:18:06",1
BE_ANTWERP,"07-06-2022 01:16:48",1
BE_BRUSSELS,"07-06-2022 01:17:00",1
BE_LIEGE,"07-06-2022 01:17:06",1
BE_LIMBURG,"07-06-2022 01:17:59",1
BE_WEST_FLANDERS,"07-06-2022 01:18:26",1
BE_LIEGE,"07-06-2022 13:17:23",1
BE_BRUSSELS,"07-06-2022 13:17:58",1
BE_LIMBURG,"07-06-2022 13:18:04",1
BE_WEST_FLANDERS,"07-06-2022 13:18:19",1
BE_ANTWERP,"08-06-2022 01:16:45",1
BE_ATH,"08-06-2022 01:17:12",1
BE_BRUSSELS,"08-06-2022 01:17:18",1
BE_WEST_FLANDERS,"08-06-2022 01:18:01",1
BE_LIMBURG,"08-06-2022 01:18:29",1
BE_ANTWERP,"08-06-2022 13:16:34",1
BE_LIEGE,"08-06-2022 13:16:58",1
BE_BRUSSELS,"08-06-2022 13:17:36",1
BE_WEST_FLANDERS,"08-06-2022 13:18:01",1
BE_LIMBURG,"08-06-2022 13:18:12",1
BE_ANTWERP,"09-06-2022 01:16:42",1
BE_ATH,"09-06-2022 01:17:21",1
BE_LIEGE,"09-06-2022 01:17:22",1
BE_BRUSSELS,"09-06-2022 01:17:33",1
BE_EAST_FLANDERS,"09-06-2022 01:18:00",1
BE_BRUSSELS,"09-06-2022 13:17:00",1
BE_ATH,"09-06-2022 13:17:24",1
BE_EAST_FLANDERS,"09-06-2022 13:18:05",1
BE_LIMBURG,"09-06-2022 13:18:06",1
BE_WEST_FLANDERS,"09-06-2022 13:18:54",1
BE_WEST_FLANDERS,"10-06-2022 01:18:32",1
BE_LIMBURG,"12-06-2022 13:18:16",1
BE_BRUSSELS,"16-06-2022 13:17:39",1
BE_ANTWERP,"21-06-2022 09:55:16",1
BE_ATH,"21-06-2022 10:58:21",1
BE_BRUSSELS,"21-06-2022 10:59:56",1
BE_EAST_FLANDERS,"21-06-2022 11:00:48",1
BE_LIEGE,"21-06-2022 11:00:53",1
BE_LIMBURG,"21-06-2022 11:02:14",1
BE_ATH,"27-06-2022 06:58:23",1
BE_ANTWERP,"27-06-2022 08:17:24",1
BE_BRUSSELS,"27-06-2022 08:55:46",1
BE_ANTWERP,"28-06-2022 09:11:25",1
BE_ATH,"28-06-2022 09:24:21",1
BE_BRUSSELS,"28-06-2022 09:25:14",1
BE_LIEGE,"28-06-2022 09:25:52",1
BE_EAST_FLANDERS,"28-06-2022 09:26:01",1
BE_LIMBURG,"28-06-2022 09:27:25",1
BE_NAMUR,"28-06-2022 09:35:39",1
BE_WEST_FLANDERS,"28-06-2022 09:36:57",1
BE_ANTWERP,"28-06-2022 13:11:31",1
BE_LIEGE,"28-06-2022 13:11:35",1
BE_NAMUR,"28-06-2022 13:11:35",1
BE_ATH,"28-06-2022 13:11:43",1
BE_LIMBURG,"28-06-2022 13:12:08",1
BE_BRUSSELS,"28-06-2022 13:12:17",1
BE_EAST_FLANDERS,"28-06-2022 13:12:21",1
BE_WEST_FLANDERS,"28-06-2022 13:12:40",1
BE_ANTWERP,"29-06-2022 01:11:22",1
BE_NAMUR,"29-06-2022 01:11:34",1
BE_LIEGE,"29-06-2022 01:11:35",1
BE_ATH,"29-06-2022 01:11:48",1
BE_BRUSSELS,"29-06-2022 01:11:51",1
BE_EAST_FLANDERS,"29-06-2022 01:12:04",1
BE_LIMBURG,"29-06-2022 01:12:10",1
BE_WEST_FLANDERS,"29-06-2022 01:12:20",1
BE_ANTWERP,"29-06-2022 13:11:24",1
BE_NAMUR,"29-06-2022 13:11:36",1
BE_LIEGE,"29-06-2022 13:11:40",1
BE_ATH,"29-06-2022 13:11:46",1
BE_EAST_FLANDERS,"29-06-2022 13:12:05",1
BE_LIMBURG,"29-06-2022 13:12:09",1
BE_BRUSSELS,"29-06-2022 13:12:27",1
BE_WEST_FLANDERS,"29-06-2022 13:12:37",1
BE_ANTWERP,"30-06-2022 01:11:24",1
BE_LIEGE,"30-06-2022 01:11:34",1
BE_NAMUR,"30-06-2022 01:11:35",1
BE_ATH,"30-06-2022 01:11:46",1
BE_WEST_FLANDERS,"30-06-2022 01:12:04",1
BE_EAST_FLANDERS,"30-06-2022 01:12:07",1
BE_LIMBURG,"30-06-2022 01:12:10",1
BE_BRUSSELS,"30-06-2022 01:12:22",1
BE_ANTWERP,"30-06-2022 13:11:32",1
BE_NAMUR,"30-06-2022 13:11:38",1
BE_LIEGE,"30-06-2022 13:11:39",1
BE_ATH,"30-06-2022 13:11:46",1
BE_BRUSSELS,"30-06-2022 13:12:03",1
BE_EAST_FLANDERS,"30-06-2022 13:12:05",1
BE_LIMBURG,"30-06-2022 13:12:21",1
BE_WEST_FLANDERS,"30-06-2022 13:12:23",1
BE_ANTWERP,"01-07-2022 01:11:26",1
BE_LIEGE,"01-07-2022 01:11:32",1
BE_NAMUR,"01-07-2022 01:11:34",1
BE_BRUSSELS,"01-07-2022 01:11:44",1
BE_ATH,"01-07-2022 01:11:47",1
BE_LIMBURG,"01-07-2022 01:12:09",1
BE_EAST_FLANDERS,"01-07-2022 01:12:16",1
BE_WEST_FLANDERS,"01-07-2022 01:12:30",1
BE_ANTWERP,"01-07-2022 13:11:32",1
BE_NAMUR,"01-07-2022 13:11:36",1
BE_LIEGE,"01-07-2022 13:11:37",1
BE_BRUSSELS,"01-07-2022 13:11:44",1
BE_ATH,"01-07-2022 13:11:46",1
BE_WEST_FLANDERS,"01-07-2022 13:11:59",1
BE_EAST_FLANDERS,"01-07-2022 13:12:11",1
BE_LIMBURG,"01-07-2022 13:12:13",1
BE_ANTWERP,"02-07-2022 01:11:34",1
BE_LIEGE,"02-07-2022 01:11:35",1
BE_NAMUR,"02-07-2022 01:11:43",1
BE_ATH,"02-07-2022 01:11:46",1
BE_BRUSSELS,"02-07-2022 01:11:58",1
BE_WEST_FLANDERS,"02-07-2022 01:12:01",1
BE_LIMBURG,"02-07-2022 01:12:11",1
BE_EAST_FLANDERS,"02-07-2022 01:12:19",1
BE_ANTWERP,"02-07-2022 13:11:32",1
BE_NAMUR,"02-07-2022 13:11:41",1
BE_LIEGE,"02-07-2022 13:11:42",1
BE_ATH,"02-07-2022 13:11:57",1
BE_WEST_FLANDERS,"02-07-2022 13:12:03",1
BE_EAST_FLANDERS,"02-07-2022 13:12:11",1
BE_LIMBURG,"02-07-2022 13:12:15",1
BE_ANTWERP,"03-07-2022 01:11:28",1
BE_NAMUR,"03-07-2022 01:11:34",1
BE_LIEGE,"03-07-2022 01:11:37",1
BE_ATH,"03-07-2022 01:11:48",1
BE_LIMBURG,"03-07-2022 01:12:04",1
BE_EAST_FLANDERS,"03-07-2022 01:12:15",1
BE_WEST_FLANDERS,"03-07-2022 01:12:21",1
BE_BRUSSELS,"03-07-2022 01:12:21",1
BE_ANTWERP,"03-07-2022 13:11:30",1
BE_LIEGE,"03-07-2022 13:11:40",1
BE_NAMUR,"03-07-2022 13:11:40",1
BE_ATH,"03-07-2022 13:11:49",1
BE_WEST_FLANDERS,"03-07-2022 13:12:05",1
BE_BRUSSELS,"03-07-2022 13:12:11",1
BE_EAST_FLANDERS,"03-07-2022 13:12:15",1
BE_LIMBURG,"03-07-2022 13:12:24",1
BE_ANTWERP,"04-07-2022 01:11:32",1
BE_LIEGE,"04-07-2022 01:11:39",1
BE_NAMUR,"04-07-2022 01:11:39",1
BE_ATH,"04-07-2022 01:11:51",1
BE_LIMBURG,"04-07-2022 01:12:15",1
BE_BRUSSELS,"04-07-2022 01:12:18",1
BE_WEST_FLANDERS,"04-07-2022 01:12:18",1
BE_EAST_FLANDERS,"04-07-2022 01:12:24",1
BE_LIEGE,"04-07-2022 13:11:35",1
BE_ANTWERP,"04-07-2022 13:11:35",1
BE_NAMUR,"04-07-2022 13:11:39",1
BE_ATH,"04-07-2022 13:11:48",1
BE_WEST_FLANDERS,"04-07-2022 13:12:06",1
BE_EAST_FLANDERS,"04-07-2022 13:12:07",1
BE_BRUSSELS,"04-07-2022 13:12:15",1
BE_LIMBURG,"04-07-2022 13:12:30",1
BE_ANTWERP,"05-07-2022 01:11:32",1
BE_NAMUR,"05-07-2022 01:11:34",1
BE_LIEGE,"05-07-2022 01:11:37",1
BE_BRUSSELS,"05-07-2022 01:11:40",1
BE_ATH,"05-07-2022 01:11:50",1
BE_WEST_FLANDERS,"05-07-2022 01:11:56",1
BE_LIMBURG,"05-07-2022 01:12:08",1
BE_EAST_FLANDERS,"05-07-2022 01:12:21",1
BE_ANTWERP,"05-07-2022 13:11:36",1
BE_LIEGE,"05-07-2022 13:11:38",1
BE_NAMUR,"05-07-2022 13:11:39",1
BE_BRUSSELS,"05-07-2022 13:11:41",1
BE_ATH,"05-07-2022 13:11:47",1
BE_WEST_FLANDERS,"05-07-2022 13:12:08",1
BE_EAST_FLANDERS,"05-07-2022 13:12:10",1
BE_LIMBURG,"05-07-2022 13:12:16",1
BE_ANTWERP,"06-07-2022 01:11:35",1
BE_LIEGE,"06-07-2022 01:11:38",1
BE_NAMUR,"06-07-2022 01:11:42",1
BE_ATH,"06-07-2022 01:11:50",1
BE_BRUSSELS,"06-07-2022 01:11:52",1
BE_EAST_FLANDERS,"06-07-2022 01:12:07",1
BE_WEST_FLANDERS,"06-07-2022 01:12:09",1
BE_LIMBURG,"06-07-2022 01:12:14",1
BE_ANTWERP,"06-07-2022 13:11:42",1
BE_LIEGE,"06-07-2022 13:11:45",1
BE_NAMUR,"06-07-2022 13:11:45",1
BE_ATH,"06-07-2022 13:11:58",1
BE_BRUSSELS,"06-07-2022 13:11:51",1
BE_WEST_FLANDERS,"06-07-2022 13:12:09",1
BE_EAST_FLANDERS,"06-07-2022 13:12:17",1
BE_LIMBURG,"06-07-2022 13:12:27",1
BE_BRUSSELS,"07-07-2022 01:11:40",1
BE_ANTWERP,"07-07-2022 01:11:40",1
BE_NAMUR,"07-07-2022 01:11:44",1
BE_LIEGE,"07-07-2022 01:11:47",1
BE_ATH,"07-07-2022 01:11:54",1
BE_WEST_FLANDERS,"07-07-2022 01:12:12",1
BE_EAST_FLANDERS,"07-07-2022 01:12:16",1
BE_LIMBURG,"07-07-2022 01:12:17",1
BE_ANTWERP,"07-07-2022 13:11:36",1
BE_BRUSSELS,"07-07-2022 13:11:43",1
BE_LIEGE,"07-07-2022 13:11:44",1
BE_NAMUR,"07-07-2022 13:11:46",1
BE_ATH,"07-07-2022 13:11:57",1
BE_WEST_FLANDERS,"07-07-2022 13:12:09",1
BE_EAST_FLANDERS,"07-07-2022 13:12:19",1
BE_LIMBURG,"07-07-2022 13:12:16",1
BE_ANTWERP,"08-07-2022 01:11:47",1
BE_NAMUR,"08-07-2022 01:11:47",1
BE_LIEGE,"08-07-2022 01:11:49",1
BE_ATH,"08-07-2022 01:12:00",1
BE_WEST_FLANDERS,"08-07-2022 01:12:10",1
BE_LIMBURG,"08-07-2022 01:12:21",1
BE_EAST_FLANDERS,"08-07-2022 01:12:23",1
BE_ANTWERP,"08-07-2022 13:11:40",1
BE_LIEGE,"08-07-2022 13:11:48",1
BE_NAMUR,"08-07-2022 13:11:49",1
BE_BRUSSELS,"08-07-2022 13:11:57",1
BE_ATH,"08-07-2022 13:12:00",1
BE_WEST_FLANDERS,"08-07-2022 13:12:17",1
BE_LIMBURG,"08-07-2022 13:12:30",1
BE_EAST_FLANDERS,"08-07-2022 13:12:31",1
BE_ANTWERP,"09-07-2022 01:11:34",1
BE_LIEGE,"09-07-2022 01:11:43",1
BE_NAMUR,"09-07-2022 01:11:46",1
BE_ATH,"09-07-2022 01:11:59",1
BE_BRUSSELS,"09-07-2022 01:11:58",1
BE_WEST_FLANDERS,"09-07-2022 01:12:05",1
BE_LIMBURG,"09-07-2022 01:12:16",1
BE_EAST_FLANDERS,"09-07-2022 01:12:18",1
BE_ANTWERP,"09-07-2022 13:11:35",1
BE_NAMUR,"09-07-2022 13:11:47",1
BE_LIEGE,"09-07-2022 13:11:48",1
BE_ATH,"09-07-2022 13:11:57",1
BE_WEST_FLANDERS,"09-07-2022 13:12:09",1
BE_LIMBURG,"09-07-2022 13:12:28",1
BE_EAST_FLANDERS,"09-07-2022 13:12:29",1
BE_BRUSSELS,"09-07-2022 13:12:42",1
BE_ANTWERP,"10-07-2022 01:11:40",1
BE_NAMUR,"10-07-2022 01:11:44",1
BE_LIEGE,"10-07-2022 01:11:46",1
BE_BRUSSELS,"10-07-2022 01:11:53",1
BE_ATH,"10-07-2022 01:11:55",1
BE_WEST_FLANDERS,"10-07-2022 01:12:09",1
BE_EAST_FLANDERS,"10-07-2022 01:12:21",1
BE_LIMBURG,"10-07-2022 01:12:23",1
BE_ANTWERP,"10-07-2022 13:11:35",1
BE_NAMUR,"10-07-2022 13:11:45",1
BE_LIEGE,"10-07-2022 13:11:47",1
BE_ATH,"10-07-2022 13:11:55",1
BE_BRUSSELS,"10-07-2022 13:12:08",1
BE_EAST_FLANDERS,"10-07-2022 13:12:17",1
BE_LIMBURG,"10-07-2022 13:12:22",1
BE_WEST_FLANDERS,"10-07-2022 13:12:26",1
BE_ANTWERP,"11-07-2022 01:11:32",1
BE_LIEGE,"11-07-2022 01:11:45",1
BE_BRUSSELS,"11-07-2022 01:11:45",1
BE_NAMUR,"11-07-2022 01:11:45",1
BE_ATH,"11-07-2022 01:12:00",1
BE_WEST_FLANDERS,"11-07-2022 01:12:07",1
BE_LIMBURG,"11-07-2022 01:12:10",1
BE_EAST_FLANDERS,"11-07-2022 01:12:12",1
BE_ANTWERP,"11-07-2022 13:11:38",1
BE_LIEGE,"11-07-2022 13:11:47",1
BE_BRUSSELS,"11-07-2022 13:11:43",1
BE_NAMUR,"11-07-2022 13:11:48",1
BE_ATH,"11-07-2022 13:11:59",1
BE_WEST_FLANDERS,"11-07-2022 13:12:14",1
BE_EAST_FLANDERS,"11-07-2022 13:12:16",1
BE_LIMBURG,"11-07-2022 13:12:29",1
BE_ANTWERP,"12-07-2022 01:11:39",1
BE_NAMUR,"12-07-2022 01:11:44",1
BE_LIEGE,"12-07-2022 01:11:46",1
BE_BRUSSELS,"12-07-2022 01:11:50",1
BE_ATH,"12-07-2022 01:11:56",1
BE_WEST_FLANDERS,"12-07-2022 01:12:15",1
BE_EAST_FLANDERS,"12-07-2022 01:12:22",1
BE_LIMBURG,"12-07-2022 01:12:26",1
BE_ANTWERP,"12-07-2022 13:11:38",1
BE_LIEGE,"12-07-2022 13:11:48",1
BE_NAMUR,"12-07-2022 13:11:48",1
BE_ATH,"12-07-2022 13:11:57",1
BE_EAST_FLANDERS,"12-07-2022 13:12:11",1
BE_WEST_FLANDERS,"12-07-2022 13:12:23",1
BE_LIMBURG,"12-07-2022 13:12:26",1
BE_BRUSSELS,"12-07-2022 13:12:32",1
BE_ANTWERP,"13-07-2022 01:11:35",1
BE_NAMUR,"13-07-2022 01:11:45",1
BE_LIEGE,"13-07-2022 01:11:45",1
BE_ATH,"13-07-2022 01:11:59",1
BE_BRUSSELS,"13-07-2022 01:12:11",1
BE_EAST_FLANDERS,"13-07-2022 01:12:12",1
BE_WEST_FLANDERS,"13-07-2022 01:12:13",1
BE_LIMBURG,"13-07-2022 01:12:18",1
BE_ANTWERP,"13-07-2022 13:11:45",1
BE_NAMUR,"13-07-2022 13:11:46",1
BE_LIEGE,"13-07-2022 13:11:47",1
BE_ATH,"13-07-2022 13:12:01",1
BE_WEST_FLANDERS,"13-07-2022 13:12:20",1
BE_LIMBURG,"13-07-2022 13:12:20",1
BE_EAST_FLANDERS,"13-07-2022 13:12:26",1
BE_BRUSSELS,"13-07-2022 13:12:27",1
BE_LIEGE,"14-07-2022 01:11:42",1
BE_NAMUR,"14-07-2022 01:11:42",1
BE_ANTWERP,"14-07-2022 01:11:44",1
BE_ATH,"14-07-2022 01:11:58",1
BE_WEST_FLANDERS,"14-07-2022 01:12:09",1
BE_LIMBURG,"14-07-2022 01:12:15",1
BE_EAST_FLANDERS,"14-07-2022 01:12:20",1
BE_BRUSSELS,"14-07-2022 01:12:20",1
BE_ANTWERP,"14-07-2022 13:11:37",1
BE_LIEGE,"14-07-2022 13:11:42",1
BE_NAMUR,"14-07-2022 13:11:45",1
BE_ATH,"14-07-2022 13:11:58",1
BE_EAST_FLANDERS,"14-07-2022 13:12:17",1
BE_LIMBURG,"14-07-2022 13:12:32",1
BE_WEST_FLANDERS,"14-07-2022 13:12:33",1
BE_BRUSSELS,"14-07-2022 13:12:57",1
BE_ANTWERP,"15-07-2022 01:11:34",1
BE_NAMUR,"15-07-2022 01:11:44",1
BE_LIEGE,"15-07-2022 01:11:46",1
BE_ATH,"15-07-2022 01:11:57",1
BE_WEST_FLANDERS,"15-07-2022 01:12:08",1
BE_BRUSSELS,"15-07-2022 01:12:15",1
BE_LIMBURG,"15-07-2022 01:12:15",1
BE_EAST_FLANDERS,"15-07-2022 01:12:17",1
BE_ANTWERP,"15-07-2022 13:11:42",1
BE_NAMUR,"15-07-2022 13:11:45",1
BE_LIEGE,"15-07-2022 13:11:47",1
BE_ATH,"15-07-2022 13:11:55",1
BE_BRUSSELS,"15-07-2022 13:11:56",1
BE_EAST_FLANDERS,"15-07-2022 13:12:18",1
BE_WEST_FLANDERS,"15-07-2022 13:12:14",1
BE_LIMBURG,"15-07-2022 13:12:19",1
BE_ANTWERP,"16-07-2022 01:11:42",1
BE_LIEGE,"16-07-2022 01:11:45",1
BE_NAMUR,"16-07-2022 01:11:46",1
BE_ATH,"16-07-2022 01:11:52",1
BE_WEST_FLANDERS,"16-07-2022 01:12:12",1
BE_LIMBURG,"16-07-2022 01:12:14",1
BE_EAST_FLANDERS,"16-07-2022 01:12:13",1
BE_BRUSSELS,"16-07-2022 01:12:20",1
BE_ANTWERP,"16-07-2022 13:11:37",1
BE_NAMUR,"16-07-2022 13:11:43",1
BE_LIEGE,"16-07-2022 13:11:44",1
BE_ATH,"16-07-2022 13:11:57",1
BE_BRUSSELS,"16-07-2022 13:12:05",1
BE_WEST_FLANDERS,"16-07-2022 13:12:11",1
BE_EAST_FLANDERS,"16-07-2022 13:12:19",1
BE_LIMBURG,"16-07-2022 13:12:25",1
BE_BRUSSELS,"17-07-2022 01:11:38",1
BE_ANTWERP,"17-07-2022 01:11:42",1
BE_LIEGE,"17-07-2022 01:11:43",1
BE_NAMUR,"17-07-2022 01:11:43",1
BE_ATH,"17-07-2022 01:11:55",1
BE_WEST_FLANDERS,"17-07-2022 01:12:10",1
BE_LIMBURG,"17-07-2022 01:12:12",1
BE_EAST_FLANDERS,"17-07-2022 01:12:20",1
BE_ANTWERP,"17-07-2022 13:11:44",1
BE_LIEGE,"17-07-2022 13:11:45",1
BE_NAMUR,"17-07-2022 13:11:45",1
BE_ATH,"17-07-2022 13:11:55",1
BE_EAST_FLANDERS,"17-07-2022 13:12:12",1
BE_WEST_FLANDERS,"17-07-2022 13:12:13",1
BE_LIMBURG,"17-07-2022 13:12:15",1
BE_BRUSSELS,"17-07-2022 13:13:49",1
BE_ANTWERP,"18-07-2022 01:11:33",1
BE_LIEGE,"18-07-2022 01:11:40",1
BE_NAMUR,"18-07-2022 01:11:44",1
BE_BRUSSELS,"18-07-2022 01:11:50",1
BE_ATH,"18-07-2022 01:11:52",1
BE_WEST_FLANDERS,"18-07-2022 01:12:02",1
BE_LIMBURG,"18-07-2022 01:12:17",1
BE_EAST_FLANDERS,"18-07-2022 01:12:22",1
BE_ANTWERP,"18-07-2022 13:11:35",1
BE_NAMUR,"18-07-2022 13:11:46",1
BE_LIEGE,"18-07-2022 13:11:50",1
BE_ATH,"18-07-2022 13:11:58",1
BE_WEST_FLANDERS,"18-07-2022 13:12:17",1
BE_BRUSSELS,"18-07-2022 13:12:22",1
BE_EAST_FLANDERS,"18-07-2022 13:12:22",1
BE_LIMBURG,"18-07-2022 13:12:29",1
BE_ANTWERP,"19-07-2022 01:11:35",1
BE_NAMUR,"19-07-2022 01:11:44",1
BE_BRUSSELS,"19-07-2022 01:11:44",1
BE_ATH,"19-07-2022 01:11:54",1
BE_WEST_FLANDERS,"19-07-2022 01:12:02",1
BE_EAST_FLANDERS,"19-07-2022 01:12:17",1
BE_LIMBURG,"19-07-2022 01:12:21",1
BE_ANTWERP,"19-07-2022 13:11:38",1
BE_LIEGE,"19-07-2022 13:11:45",1
BE_NAMUR,"19-07-2022 13:11:46",1
BE_LIMBURG,"19-07-2022 13:11:50",1
BE_ATH,"19-07-2022 13:11:56",1
BE_WEST_FLANDERS,"19-07-2022 13:12:09",1
BE_EAST_FLANDERS,"19-07-2022 13:12:16",1
BE_BRUSSELS,"19-07-2022 13:12:24",1
BE_NAMUR,"20-07-2022 01:11:43",1
BE_ANTWERP,"20-07-2022 01:11:44",1
BE_LIEGE,"20-07-2022 01:11:44",1
BE_ATH,"20-07-2022 01:11:58",1
BE_WEST_FLANDERS,"20-07-2022 01:12:08",1
BE_BRUSSELS,"20-07-2022 01:12:15",1
BE_EAST_FLANDERS,"20-07-2022 01:12:18",1
BE_LIMBURG,"20-07-2022 01:12:21",1
BE_ANTWERP,"20-07-2022 13:11:42",1
BE_NAMUR,"20-07-2022 13:11:47",1
BE_ATH,"20-07-2022 13:11:53",1
BE_BRUSSELS,"20-07-2022 13:11:57",1
BE_LIEGE,"20-07-2022 13:12:10",1
BE_WEST_FLANDERS,"20-07-2022 13:12:21",1
BE_EAST_FLANDERS,"20-07-2022 13:12:21",1
BE_LIMBURG,"20-07-2022 13:12:31",1
BE_ANTWERP,"21-07-2022 01:11:40",1
BE_LIEGE,"21-07-2022 01:11:42",1
BE_NAMUR,"21-07-2022 01:11:42",1
BE_ATH,"21-07-2022 01:11:59",1
BE_WEST_FLANDERS,"21-07-2022 01:12:11",1
BE_BRUSSELS,"21-07-2022 01:12:11",1
BE_LIMBURG,"21-07-2022 01:12:14",1
BE_EAST_FLANDERS,"21-07-2022 01:12:18",1
BE_LIEGE,"21-07-2022 13:11:42",1
BE_ANTWERP,"21-07-2022 13:11:43",1
BE_NAMUR,"21-07-2022 13:11:47",1
BE_ATH,"21-07-2022 13:11:53",1
BE_WEST_FLANDERS,"21-07-2022 13:12:11",1
BE_BRUSSELS,"21-07-2022 13:12:15",1
BE_LIMBURG,"21-07-2022 13:12:27",1
BE_EAST_FLANDERS,"21-07-2022 13:12:30",1
BE_ANTWERP,"22-07-2022 01:11:39",1
BE_LIEGE,"22-07-2022 01:11:45",1
BE_NAMUR,"22-07-2022 01:11:45",1
BE_BRUSSELS,"22-07-2022 01:11:58",1
BE_ATH,"22-07-2022 01:11:58",1
BE_WEST_FLANDERS,"22-07-2022 01:12:13",1
BE_EAST_FLANDERS,"22-07-2022 01:12:25",1
BE_LIMBURG,"22-07-2022 01:12:32",1
BE_ANTWERP,"22-07-2022 13:11:38",1
BE_LIEGE,"22-07-2022 13:11:44",1
BE_NAMUR,"22-07-2022 13:11:45",1
BE_ATH,"22-07-2022 13:11:57",1
BE_BRUSSELS,"22-07-2022 13:12:03",1
BE_WEST_FLANDERS,"22-07-2022 13:12:12",1
BE_LIMBURG,"22-07-2022 13:12:20",1
BE_EAST_FLANDERS,"22-07-2022 13:12:28",1
BE_ANTWERP,"23-07-2022 01:11:36",1
BE_LIEGE,"23-07-2022 01:11:43",1
BE_NAMUR,"23-07-2022 01:11:46",1
BE_ATH,"23-07-2022 01:11:55",1
BE_WEST_FLANDERS,"23-07-2022 01:12:03",1
BE_BRUSSELS,"23-07-2022 01:12:05",1
BE_LIMBURG,"23-07-2022 01:12:13",1
BE_EAST_FLANDERS,"23-07-2022 01:12:24",1
BE_ANTWERP,"23-07-2022 13:11:41",1
BE_NAMUR,"23-07-2022 13:11:47",1
BE_LIEGE,"23-07-2022 13:11:50",1
BE_BRUSSELS,"23-07-2022 13:11:54",1
BE_ATH,"23-07-2022 13:11:56",1
BE_LIMBURG,"23-07-2022 13:12:12",1
BE_WEST_FLANDERS,"23-07-2022 13:12:20",1
BE_EAST_FLANDERS,"23-07-2022 13:12:22",1
BE_ANTWERP,"24-07-2022 01:11:35",1
BE_NAMUR,"24-07-2022 01:11:44",1
BE_LIEGE,"24-07-2022 01:11:47",1
BE_ATH,"24-07-2022 01:11:56",1
BE_BRUSSELS,"24-07-2022 01:12:00",1
BE_WEST_FLANDERS,"24-07-2022 01:12:07",1
BE_EAST_FLANDERS,"24-07-2022 01:12:22",1
BE_LIMBURG,"24-07-2022 01:12:25",1
BE_ANTWERP,"24-07-2022 13:11:40",1
BE_NAMUR,"24-07-2022 13:11:46",1
BE_LIEGE,"24-07-2022 13:11:52",1
BE_ATH,"24-07-2022 13:11:53",1
BE_BRUSSELS,"24-07-2022 13:12:00",1
BE_WEST_FLANDERS,"24-07-2022 13:12:18",1
BE_EAST_FLANDERS,"24-07-2022 13:12:29",1
BE_LIMBURG,"24-07-2022 13:12:29",1
BE_ANTWERP,"25-07-2022 01:11:41",1
BE_LIEGE,"25-07-2022 01:11:50",1
BE_NAMUR,"25-07-2022 01:11:51",1
BE_BRUSSELS,"25-07-2022 01:11:58",1
BE_ATH,"25-07-2022 01:12:06",1
BE_WEST_FLANDERS,"25-07-2022 01:12:18",1
BE_EAST_FLANDERS,"25-07-2022 01:12:29",1
BE_LIMBURG,"25-07-2022 01:12:32",1
BE_ANTWERP,"25-07-2022 13:11:43",1
BE_LIEGE,"25-07-2022 13:11:49",1
BE_NAMUR,"25-07-2022 13:11:53",1
BE_ATH,"25-07-2022 13:12:02",1
BE_WEST_FLANDERS,"25-07-2022 13:12:25",1
BE_BRUSSELS,"25-07-2022 13:12:29",1
BE_EAST_FLANDERS,"25-07-2022 13:12:36",1
BE_LIMBURG,"25-07-2022 13:12:36",1
BE_LIEGE,"26-07-2022 01:11:49",1
BE_NAMUR,"26-07-2022 01:11:50",1
BE_ANTWERP,"26-07-2022 01:11:54",1
BE_ATH,"26-07-2022 01:12:01",1
BE_WEST_FLANDERS,"26-07-2022 01:12:07",1
BE_EAST_FLANDERS,"26-07-2022 01:12:14",1
BE_LIMBURG,"26-07-2022 01:12:21",1
BE_BRUSSELS,"26-07-2022 01:12:50",1
BE_ANTWERP,"26-07-2022 13:11:43",1
BE_LIEGE,"26-07-2022 13:11:50",1
BE_NAMUR,"26-07-2022 13:11:56",1
BE_ATH,"26-07-2022 13:12:03",1
BE_LIMBURG,"26-07-2022 13:12:03",1
BE_WEST_FLANDERS,"26-07-2022 13:12:07",1
BE_BRUSSELS,"26-07-2022 13:12:20",1
BE_EAST_FLANDERS,"26-07-2022 13:12:32",1
BE_ANTWERP,"27-07-2022 01:11:36",1
BE_NAMUR,"27-07-2022 01:11:47",1
BE_LIEGE,"27-07-2022 01:11:54",1
BE_ATH,"27-07-2022 01:11:58",1
BE_BRUSSELS,"27-07-2022 01:12:07",1
BE_WEST_FLANDERS,"27-07-2022 01:12:16",1
BE_LIMBURG,"27-07-2022 01:12:23",1
BE_EAST_FLANDERS,"27-07-2022 01:12:24",1
BE_ANTWERP,"27-07-2022 13:11:41",1
BE_NAMUR,"27-07-2022 13:11:52",1
BE_LIEGE,"27-07-2022 13:11:54",1
BE_ATH,"27-07-2022 13:12:05",1
BE_BRUSSELS,"27-07-2022 13:12:18",1
BE_WEST_FLANDERS,"27-07-2022 13:12:19",1
BE_LIMBURG,"27-07-2022 13:12:26",1
BE_EAST_FLANDERS,"27-07-2022 13:12:28",1
BE_ANTWERP,"28-07-2022 01:11:41",1
BE_NAMUR,"28-07-2022 01:11:43",1
BE_LIEGE,"28-07-2022 01:11:44",1
BE_ATH,"28-07-2022 01:11:54",1
BE_EAST_FLANDERS,"28-07-2022 01:12:14",1
BE_WEST_FLANDERS,"28-07-2022 01:12:17",1
BE_LIMBURG,"28-07-2022 01:12:17",1
BE_BRUSSELS,"28-07-2022 01:12:30",1
BE_ANTWERP,"28-07-2022 13:11:44",1
BE_NAMUR,"28-07-2022 13:11:53",1
BE_LIEGE,"28-07-2022 13:11:52",1
BE_ATH,"28-07-2022 13:12:00",1
BE_WEST_FLANDERS,"28-07-2022 13:12:16",1
BE_BRUSSELS,"28-07-2022 13:12:19",1
BE_EAST_FLANDERS,"28-07-2022 13:12:19",1
BE_LIMBURG,"28-07-2022 13:12:24",1
BE_ANTWERP,"29-07-2022 01:11:39",1
BE_LIEGE,"29-07-2022 01:11:48",1
BE_NAMUR,"29-07-2022 01:11:49",1
BE_ATH,"29-07-2022 01:11:57",1
BE_WEST_FLANDERS,"29-07-2022 01:12:10",1
BE_EAST_FLANDERS,"29-07-2022 01:12:17",1
BE_BRUSSELS,"29-07-2022 01:12:24",1
BE_LIMBURG,"29-07-2022 01:12:24",1
BE_ANTWERP,"29-07-2022 13:11:45",1
BE_NAMUR,"29-07-2022 13:11:55",1
BE_LIEGE,"29-07-2022 13:12:00",1
BE_ATH,"29-07-2022 13:12:03",1
BE_WEST_FLANDERS,"29-07-2022 13:12:25",1
BE_EAST_FLANDERS,"29-07-2022 13:12:31",1
BE_BRUSSELS,"29-07-2022 13:12:33",1
BE_LIMBURG,"29-07-2022 13:12:36",1
BE_ANTWERP,"30-07-2022 01:11:47",1
BE_NAMUR,"30-07-2022 01:11:52",1
BE_LIEGE,"30-07-2022 01:11:53",1
BE_ATH,"30-07-2022 01:12:07",1
BE_BRUSSELS,"30-07-2022 01:12:09",1
BE_WEST_FLANDERS,"30-07-2022 01:12:19",1
BE_EAST_FLANDERS,"30-07-2022 01:12:23",1
BE_LIMBURG,"30-07-2022 01:12:32",1
BE_ANTWERP,"30-07-2022 13:11:49",1
BE_NAMUR,"30-07-2022 13:11:53",1
BE_LIEGE,"30-07-2022 13:11:54",1
BE_ATH,"30-07-2022 13:12:03",1
BE_EAST_FLANDERS,"30-07-2022 13:12:20",1
BE_WEST_FLANDERS,"30-07-2022 13:12:21",1
BE_LIMBURG,"30-07-2022 13:12:17",1
BE_BRUSSELS,"30-07-2022 13:18:52",1
BE_ANTWERP,"31-07-2022 01:11:47",1
BE_NAMUR,"31-07-2022 01:11:49",1
BE_LIEGE,"31-07-2022 01:11:54",1
BE_ATH,"31-07-2022 01:11:57",1
BE_BRUSSELS,"31-07-2022 01:12:01",1
BE_WEST_FLANDERS,"31-07-2022 01:12:15",1
BE_EAST_FLANDERS,"31-07-2022 01:12:23",1
BE_LIMBURG,"31-07-2022 01:12:31",1
BE_ANTWERP,"31-07-2022 13:11:46",1
BE_LIEGE,"31-07-2022 13:11:54",1
BE_NAMUR,"31-07-2022 13:11:55",1
BE_ATH,"31-07-2022 13:11:59",1
BE_EAST_FLANDERS,"31-07-2022 13:12:20",1
BE_WEST_FLANDERS,"31-07-2022 13:12:27",1
BE_BRUSSELS,"31-07-2022 13:12:38",1
BE_LIMBURG,"31-07-2022 13:12:39",1
BE_ANTWERP,"01-08-2022 01:11:43",1
BE_LIEGE,"01-08-2022 01:11:47",1
BE_NAMUR,"01-08-2022 01:11:54",1
BE_BRUSSELS,"01-08-2022 01:11:59",1
BE_ATH,"01-08-2022 01:12:01",1
BE_WEST_FLANDERS,"01-08-2022 01:12:14",1
BE_EAST_FLANDERS,"01-08-2022 01:12:24",1
BE_LIMBURG,"01-08-2022 01:12:38",1
BE_ANTWERP,"01-08-2022 13:11:57",1
BE_NAMUR,"01-08-2022 13:12:06",1
BE_LIEGE,"01-08-2022 13:12:05",1
BE_ATH,"01-08-2022 13:12:22",1
BE_EAST_FLANDERS,"01-08-2022 13:12:32",1
BE_WEST_FLANDERS,"01-08-2022 13:12:33",1
BE_LIMBURG,"01-08-2022 13:12:40",1
BE_BRUSSELS,"01-08-2022 13:12:47",1
BE_ANTWERP,"02-08-2022 01:12:01",1
BE_LIEGE,"02-08-2022 01:12:05",1
BE_NAMUR,"02-08-2022 01:12:06",1
BE_ATH,"02-08-2022 01:12:17",1
BE_BRUSSELS,"02-08-2022 01:12:33",1
BE_EAST_FLANDERS,"02-08-2022 01:12:41",1
BE_WEST_FLANDERS,"02-08-2022 01:12:41",1
BE_LIMBURG,"02-08-2022 01:12:48",1
BE_ANTWERP,"02-08-2022 13:11:58",1
BE_NAMUR,"02-08-2022 13:12:08",1
BE_ATH,"02-08-2022 13:12:17",1
BE_LIEGE,"02-08-2022 13:12:19",1
BE_BRUSSELS,"02-08-2022 13:12:34",1
BE_WEST_FLANDERS,"02-08-2022 13:12:38",1
BE_EAST_FLANDERS,"02-08-2022 13:12:39",1
BE_LIMBURG,"02-08-2022 13:12:39",1
BE_ANTWERP,"03-08-2022 01:11:58",1
BE_LIEGE,"03-08-2022 01:12:06",1
BE_NAMUR,"03-08-2022 01:12:06",1
BE_ATH,"03-08-2022 01:12:13",1
BE_WEST_FLANDERS,"03-08-2022 01:12:29",1
BE_BRUSSELS,"03-08-2022 01:12:34",1
BE_EAST_FLANDERS,"03-08-2022 01:12:38",1
BE_LIMBURG,"03-08-2022 01:12:43",1
BE_ANTWERP,"03-08-2022 13:11:56",1
BE_LIEGE,"03-08-2022 13:12:08",1
BE_NAMUR,"03-08-2022 13:12:08",1
BE_ATH,"03-08-2022 13:12:16",1
BE_BRUSSELS,"03-08-2022 13:12:19",1
BE_WEST_FLANDERS,"03-08-2022 13:12:33",1
BE_EAST_FLANDERS,"03-08-2022 13:12:38",1
BE_LIMBURG,"03-08-2022 13:12:55",1
BE_ANTWERP,"04-08-2022 01:11:52",1
BE_NAMUR,"04-08-2022 01:12:03",1
BE_LIEGE,"04-08-2022 01:12:08",1
BE_ATH,"04-08-2022 01:12:15",1
BE_WEST_FLANDERS,"04-08-2022 01:12:25",1
BE_EAST_FLANDERS,"04-08-2022 01:12:28",1
BE_LIMBURG,"04-08-2022 01:12:44",1
BE_BRUSSELS,"04-08-2022 01:12:48",1
BE_ANTWERP,"04-08-2022 13:12:00",1
BE_LIEGE,"04-08-2022 13:12:03",1
BE_NAMUR,"04-08-2022 13:12:06",1
BE_ATH,"04-08-2022 13:12:20",1
BE_EAST_FLANDERS,"04-08-2022 13:12:32",1
BE_BRUSSELS,"04-08-2022 13:12:37",1
BE_LIMBURG,"04-08-2022 13:12:41",1
BE_WEST_FLANDERS,"04-08-2022 13:12:42",1
BE_ANTWERP,"05-08-2022 01:12:03",1
BE_NAMUR,"05-08-2022 01:12:09",1
BE_LIEGE,"05-08-2022 01:12:10",1
BE_ATH,"05-08-2022 01:12:16",1
BE_BRUSSELS,"05-08-2022 01:12:18",1
BE_WEST_FLANDERS,"05-08-2022 01:12:35",1
BE_EAST_FLANDERS,"05-08-2022 01:12:37",1
BE_LIMBURG,"05-08-2022 01:12:52",1
BE_ANTWERP,"05-08-2022 13:12:02",1
BE_LIEGE,"05-08-2022 13:12:04",1
BE_NAMUR,"05-08-2022 13:12:08",1
BE_ATH,"05-08-2022 13:12:17",1
BE_WEST_FLANDERS,"05-08-2022 13:12:33",1
BE_BRUSSELS,"05-08-2022 13:12:39",1
BE_EAST_FLANDERS,"05-08-2022 13:12:41",1
BE_LIMBURG,"05-08-2022 13:12:48",1
BE_ANTWERP,"06-08-2022 01:12:02",1
BE_NAMUR,"06-08-2022 01:12:08",1
BE_LIEGE,"06-08-2022 01:12:08",1
BE_ATH,"06-08-2022 01:12:15",1
BE_WEST_FLANDERS,"06-08-2022 01:12:32",1
BE_LIMBURG,"06-08-2022 01:12:37",1
BE_EAST_FLANDERS,"06-08-2022 01:12:41",1
BE_BRUSSELS,"06-08-2022 01:12:44",1
BE_ANTWERP,"06-08-2022 13:12:00",1
BE_LIEGE,"06-08-2022 13:12:07",1
BE_NAMUR,"06-08-2022 13:12:08",1
BE_BRUSSELS,"06-08-2022 13:12:15",1
BE_ATH,"06-08-2022 13:12:16",1
BE_WEST_FLANDERS,"06-08-2022 13:12:33",1
BE_LIMBURG,"06-08-2022 13:12:40",1
BE_EAST_FLANDERS,"06-08-2022 13:12:40",1
BE_ANTWERP,"07-08-2022 01:12:01",1
BE_NAMUR,"07-08-2022 01:12:04",1
BE_LIEGE,"07-08-2022 01:12:08",1
BE_ATH,"07-08-2022 01:12:17",1
BE_EAST_FLANDERS,"07-08-2022 01:12:41",1
BE_WEST_FLANDERS,"07-08-2022 01:12:44",1
BE_LIMBURG,"07-08-2022 01:12:55",1
BE_ANTWERP,"07-08-2022 13:11:55",1
BE_LIEGE,"07-08-2022 13:12:03",1
BE_NAMUR,"07-08-2022 13:12:03",1
BE_ATH,"07-08-2022 13:12:11",1
BE_WEST_FLANDERS,"07-08-2022 13:12:34",1
BE_LIMBURG,"07-08-2022 13:12:46",1
BE_EAST_FLANDERS,"07-08-2022 13:12:48",1
BE_NAMUR,"08-08-2022 01:11:57",1
BE_LIEGE,"08-08-2022 01:11:57",1
BE_ANTWERP,"08-08-2022 01:11:58",1
BE_ATH,"08-08-2022 01:12:09",1
BE_EAST_FLANDERS,"08-08-2022 01:12:35",1
BE_WEST_FLANDERS,"08-08-2022 01:12:38",1
BE_LIMBURG,"08-08-2022 01:12:43",1
BE_LIEGE,"08-08-2022 13:12:01",1
BE_ANTWERP,"08-08-2022 13:12:07",1
BE_NAMUR,"08-08-2022 13:12:08",1
BE_ATH,"08-08-2022 13:12:10",1
BE_EAST_FLANDERS,"08-08-2022 13:12:37",1
BE_WEST_FLANDERS,"08-08-2022 13:12:49",1
BE_LIMBURG,"08-08-2022 13:12:51",1
BE_ANTWERP,"09-08-2022 13:11:56",1
BE_NAMUR,"09-08-2022 13:12:07",1
BE_LIEGE,"09-08-2022 13:12:09",1
BE_ATH,"09-08-2022 13:12:23",1
BE_WEST_FLANDERS,"09-08-2022 13:12:34",1
BE_EAST_FLANDERS,"09-08-2022 13:12:35",1
BE_LIMBURG,"09-08-2022 13:12:37",1
BE_ANTWERP,"10-08-2022 01:11:55",1
BE_LIEGE,"10-08-2022 01:12:04",1
BE_NAMUR,"10-08-2022 01:12:05",1
BE_ATH,"10-08-2022 01:12:14",1
BE_WEST_FLANDERS,"10-08-2022 01:12:34",1
BE_EAST_FLANDERS,"10-08-2022 01:12:44",1
BE_LIMBURG,"10-08-2022 01:12:51",1
BE_ANTWERP,"10-08-2022 13:11:54",1
BE_LIEGE,"10-08-2022 13:12:08",1
BE_NAMUR,"10-08-2022 13:12:09",1
BE_ATH,"10-08-2022 13:12:12",1
BE_EAST_FLANDERS,"10-08-2022 13:12:40",1
BE_WEST_FLANDERS,"10-08-2022 13:12:43",1
BE_LIMBURG,"10-08-2022 13:13:02",1
BE_LIEGE,"11-08-2022 01:12:02",1
BE_NAMUR,"11-08-2022 01:12:06",1
BE_ANTWERP,"11-08-2022 01:12:09",1
BE_ATH,"11-08-2022 01:12:19",1
BE_WEST_FLANDERS,"11-08-2022 01:12:29",1
BE_EAST_FLANDERS,"11-08-2022 01:12:32",1
BE_LIMBURG,"11-08-2022 01:12:36",1
